// MT6 AMConfig
static const unsigned char AMConfig[] = {
	0x5b, 0x41, 0x4d, 0x55, 0x70, 0x64, 0x61, 0x74, 0x65, 0x72, 0x43, 0x6f, 0x6e, 0x66, 0x69, 0x67,
	0x5d, 0x20, 0x0a, 0x3b, 0x3b, 0x20, 0x41, 0x4d, 0x55, 0x70, 0x64, 0x61, 0x74, 0x65, 0x72, 0x20,
	0xe4, 0xb8, 0x80, 0xe8, 0x88, 0xac, 0xe8, 0xa8, 0xad, 0xe5, 0xae, 0x9a, 0x0a, 0x61, 0x6d, 0x75,
	0x63, 0x66, 0x67, 0x2d, 0x74, 0x69, 0x74, 0x6c, 0x65, 0x3d, 0xe6, 0xb9, 0xbe, 0xe5, 0xb2, 0xb8,
	0xe3, 0x83, 0x9f, 0xe3, 0x83, 0x83, 0xe3, 0x83, 0x89, 0xe3, 0x83, 0x8a, 0xe3, 0x82, 0xa4, 0xe3,
	0x83, 0x88, 0x20, 0x4d, 0x41, 0x58, 0x49, 0x4d, 0x55, 0x4d, 0x20, 0x54, 0x55, 0x4e, 0x45, 0x20,
	0x36, 0x0a, 0x61, 0x6d, 0x75, 0x63, 0x66, 0x67, 0x2d, 0x6c, 0x61, 0x6e, 0x67, 0x3d, 0x4a, 0x50,
	0x0a, 0x61, 0x6d, 0x75, 0x63, 0x66, 0x67, 0x2d, 0x63, 0x6f, 0x75, 0x6e, 0x74, 0x64, 0x6f, 0x77,
	0x6e, 0x3d, 0x35, 0x0a, 0x61, 0x6d, 0x75, 0x63, 0x66, 0x67, 0x2d, 0x68, 0x5f, 0x72, 0x65, 0x73,
	0x6f, 0x6c, 0x3d, 0x31, 0x33, 0x36, 0x30, 0x0a, 0x61, 0x6d, 0x75, 0x63, 0x66, 0x67, 0x2d, 0x76,
	0x5f, 0x72, 0x65, 0x73, 0x6f, 0x6c, 0x3d, 0x37, 0x36, 0x38, 0x0a, 0x61, 0x6d, 0x75, 0x63, 0x66,
	0x67, 0x2d, 0x6c, 0x6f, 0x67, 0x66, 0x69, 0x6c, 0x65, 0x3d, 0x2e, 0x5c, 0x61, 0x6d, 0x75, 0x70,
	0x64, 0x61, 0x74, 0x65, 0x72, 0x2e, 0x6c, 0x6f, 0x67, 0x0a, 0x61, 0x6d, 0x75, 0x63, 0x66, 0x67,
	0x2d, 0x67, 0x61, 0x6d, 0x65, 0x5f, 0x72, 0x65, 0x76, 0x3d, 0x34, 0x0a, 0x0a, 0x5b, 0x41, 0x4d,
	0x41, 0x75, 0x74, 0x68, 0x64, 0x43, 0x6f, 0x6e, 0x66, 0x69, 0x67, 0x5d, 0x20, 0x0a, 0x3b, 0x3b,
	0x20, 0x41, 0x4d, 0x41, 0x75, 0x74, 0x68, 0x64, 0x20, 0xe4, 0xb8, 0x80, 0xe8, 0x88, 0xac, 0xe8,
	0xa8, 0xad, 0xe5, 0xae, 0x9a, 0x0a, 0x61, 0x6d, 0x64, 0x63, 0x66, 0x67, 0x2d, 0x61, 0x75, 0x74,
	0x68, 0x54, 0x79, 0x70, 0x65, 0x3d, 0x41, 0x4c, 0x4c, 0x2e, 0x4e, 0x45, 0x54, 0x0a, 0x61, 0x6d,
	0x64, 0x63, 0x66, 0x67, 0x2d, 0x73, 0x6c, 0x65, 0x65, 0x70, 0x54, 0x69, 0x6d, 0x65, 0x3d, 0x35,
	0x30, 0x0a, 0x61, 0x6d, 0x64, 0x63, 0x66, 0x67, 0x2d, 0x72, 0x65, 0x73, 0x6f, 0x4e, 0x61, 0x6d,
	0x65, 0x54, 0x69, 0x6d, 0x65, 0x6f, 0x75, 0x74, 0x3d, 0x31, 0x38, 0x30, 0x0a, 0x61, 0x6d, 0x64,
	0x63, 0x66, 0x67, 0x2d, 0x77, 0x72, 0x69, 0x74, 0x61, 0x62, 0x6c, 0x65, 0x43, 0x6f, 0x6e, 0x66,
	0x69, 0x67, 0x3d, 0x2e, 0x5c, 0x57, 0x72, 0x69, 0x74, 0x61, 0x62, 0x6c, 0x65, 0x43, 0x6f, 0x6e,
	0x66, 0x69, 0x67, 0x2e, 0x69, 0x6e, 0x69, 0x0a, 0x61, 0x6d, 0x64, 0x63, 0x66, 0x67, 0x2d, 0x73,
	0x68, 0x6f, 0x77, 0x43, 0x6f, 0x6e, 0x73, 0x6f, 0x6c, 0x65, 0x3d, 0x45, 0x4e, 0x41, 0x42, 0x4c,
	0x45, 0x0a, 0x61, 0x6d, 0x64, 0x63, 0x66, 0x67, 0x2d, 0x6c, 0x6f, 0x67, 0x66, 0x69, 0x6c, 0x65,
	0x3d, 0x0a, 0x61, 0x6d, 0x64, 0x63, 0x66, 0x67, 0x2d, 0x65, 0x78, 0x70, 0x6f, 0x72, 0x74, 0x5f,
	0x6c, 0x6f, 0x67, 0x3d, 0x0a, 0x0a, 0x5b, 0x41, 0x6c, 0x6c, 0x6e, 0x65, 0x74, 0x43, 0x6f, 0x6e,
	0x66, 0x69, 0x67, 0x5d, 0x20, 0x0a, 0x3b, 0x3b, 0x20, 0x41, 0x4c, 0x4c, 0x2e, 0x4e, 0x65, 0x74,
	0x20, 0xe4, 0xb8, 0x80, 0xe8, 0x88, 0xac, 0xe8, 0xa8, 0xad, 0xe5, 0xae, 0x9a, 0x0a, 0x61, 0x6c,
	0x6c, 0x63, 0x66, 0x67, 0x2d, 0x67, 0x61, 0x6d, 0x65, 0x49, 0x44, 0x3d, 0x53, 0x42, 0x57, 0x4a,
	0x0a, 0x61, 0x6c, 0x6c, 0x63, 0x66, 0x67, 0x2d, 0x67, 0x61, 0x6d, 0x65, 0x56, 0x65, 0x72, 0x3d,
	0x39, 0x2e, 0x30, 0x30, 0x0a, 0x0a, 0x5b, 0x41, 0x6c, 0x6c, 0x6e, 0x65, 0x74, 0x4f, 0x70, 0x74,
	0x69, 0x6f, 0x6e, 0x52, 0x65, 0x76, 0x61, 0x6c, 0x54, 0x69, 0x6d, 0x65, 0x5d, 0x0a, 0x3b, 0x3b,
	0x20, 0x41, 0x4c, 0x4c, 0x2e, 0x4e, 0x65, 0x74, 0x20, 0xe5, 0x86, 0x8d, 0xe8, 0xaa, 0x8d, 0xe8,
	0xa8, 0xbc, 0xe6, 0x99, 0x82, 0xe5, 0x88, 0xbb, 0xe8, 0xa8, 0xad, 0xe5, 0xae, 0x9a, 0x0a, 0x61,
	0x6c, 0x6c, 0x6f, 0x70, 0x74, 0x2d, 0x72, 0x65, 0x76, 0x61, 0x6c, 0x5f, 0x68, 0x6f, 0x75, 0x72,
	0x3d, 0x37, 0x0a, 0x61, 0x6c, 0x6c, 0x6f, 0x70, 0x74, 0x2d, 0x72, 0x65, 0x76, 0x61, 0x6c, 0x5f,
	0x6d, 0x69, 0x6e, 0x75, 0x74, 0x65, 0x3d, 0x30, 0x0a, 0x61, 0x6c, 0x6c, 0x6f, 0x70, 0x74, 0x2d,
	0x72, 0x65, 0x76, 0x61, 0x6c, 0x5f, 0x73, 0x65, 0x63, 0x6f, 0x6e, 0x64, 0x3d, 0x30, 0x0a, 0x0a,
	0x5b, 0x41, 0x6c, 0x6c, 0x6e, 0x65, 0x74, 0x4f, 0x70, 0x74, 0x69, 0x6f, 0x6e, 0x54, 0x69, 0x6d,
	0x65, 0x6f, 0x75, 0x74, 0x5d, 0x0a, 0x3b, 0x3b, 0x20, 0x41, 0x4c, 0x4c, 0x2e, 0x4e, 0x65, 0x74,
	0x20, 0xe9, 0x80, 0x9a, 0xe4, 0xbf, 0xa1, 0xe3, 0x82, 0xbf, 0xe3, 0x82, 0xa4, 0xe3, 0x83, 0xa0,
	0xe3, 0x82, 0xa2, 0xe3, 0x82, 0xa6, 0xe3, 0x83, 0x88, 0xe8, 0xa8, 0xad, 0xe5, 0xae, 0x9a, 0x0a,
	0x61, 0x6c, 0x6c, 0x6f, 0x70, 0x74, 0x2d, 0x74, 0x69, 0x6d, 0x65, 0x6f, 0x75, 0x74, 0x5f, 0x63,
	0x6f, 0x6e, 0x6e, 0x65, 0x63, 0x74, 0x3d, 0x36, 0x30, 0x30, 0x30, 0x30, 0x20, 0x20, 0x0a, 0x61,
	0x6c, 0x6c, 0x6f, 0x70, 0x74, 0x2d, 0x74, 0x69, 0x6d, 0x65, 0x6f, 0x75, 0x74, 0x5f, 0x73, 0x65,
	0x6e, 0x64, 0x3d, 0x36, 0x30, 0x30, 0x30, 0x30, 0x0a, 0x61, 0x6c, 0x6c, 0x6f, 0x70, 0x74, 0x2d,
	0x74, 0x69, 0x6d, 0x65, 0x6f, 0x75, 0x74, 0x5f, 0x72, 0x65, 0x63, 0x76, 0x3d, 0x36, 0x30, 0x30,
	0x30, 0x30, 0x0a, 0x0a, 0x5b, 0x4d, 0x75, 0x63, 0x68, 0x61, 0x41, 0x70, 0x70, 0x43, 0x6f, 0x6e,
	0x66, 0x69, 0x67, 0x5d, 0x0a, 0x3b, 0x3b, 0x20, 0x6d, 0x75, 0x63, 0x68, 0x61, 0x5f, 0x61, 0x70,
	0x70, 0x20, 0xe8, 0xa8, 0xad, 0xe5, 0xae, 0x9a, 0x0a, 0x61, 0x70, 0x70, 0x63, 0x66, 0x67, 0x2d,
	0x6c, 0x6f, 0x67, 0x66, 0x69, 0x6c, 0x65, 0x3d, 0x2e, 0x5c, 0x6d, 0x75, 0x63, 0x68, 0x61, 0x61,
	0x70, 0x70, 0x2e, 0x6c, 0x6f, 0x67, 0x0a, 0x61, 0x70, 0x70, 0x63, 0x66, 0x67, 0x2d, 0x6c, 0x6f,
	0x67, 0x6c, 0x65, 0x76, 0x65, 0x6c, 0x3d, 0x49, 0x4e, 0x46, 0x4f, 0x0a, 0x0a, 0x5b, 0x4d, 0x75,
	0x63, 0x68, 0x61, 0x53, 0x79, 0x73, 0x43, 0x6f, 0x6e, 0x66, 0x69, 0x67, 0x5d, 0x0a, 0x3b, 0x3b,
	0x20, 0x4d, 0x55, 0x43, 0x48, 0x41, 0x20, 0xe3, 0x82, 0xb7, 0xe3, 0x82, 0xb9, 0xe3, 0x83, 0x86,
	0xe3, 0x83, 0xa0, 0xe8, 0xa8, 0xad, 0xe5, 0xae, 0x9a, 0x0a, 0x73, 0x79, 0x73, 0x63, 0x66, 0x67,
	0x2d, 0x64, 0x61, 0x65, 0x6d, 0x6f, 0x6e, 0x5f, 0x65, 0x78, 0x65, 0x3d, 0x2e, 0x5c, 0x4d, 0x75,
	0x63, 0x68, 0x61, 0x42, 0x69, 0x6e, 0x5c, 0x6d, 0x75, 0x63, 0x68, 0x61, 0x63, 0x64, 0x2e, 0x65,
	0x78, 0x65, 0x0a, 0x73, 0x79, 0x73, 0x63, 0x66, 0x67, 0x2d, 0x64, 0x61, 0x65, 0x6d, 0x6f, 0x6e,
	0x5f, 0x70, 0x69, 0x64, 0x66, 0x69, 0x6c, 0x65, 0x3d, 0x2e, 0x5c, 0x6d, 0x75, 0x63, 0x68, 0x61,
	0x63, 0x64, 0x2e, 0x70, 0x69, 0x64, 0x0a, 0x73, 0x79, 0x73, 0x63, 0x66, 0x67, 0x2d, 0x64, 0x61,
	0x65, 0x6d, 0x6f, 0x6e, 0x5f, 0x6c, 0x6f, 0x67, 0x66, 0x69, 0x6c, 0x65, 0x3d, 0x2e, 0x5c, 0x6d,
	0x75, 0x63, 0x68, 0x61, 0x63, 0x64, 0x2e, 0x6c, 0x6f, 0x67, 0x0a, 0x73, 0x79, 0x73, 0x63, 0x66,
	0x67, 0x2d, 0x64, 0x61, 0x65, 0x6d, 0x6f, 0x6e, 0x5f, 0x6c, 0x6f, 0x67, 0x6c, 0x65, 0x76, 0x65,
	0x6c, 0x3d, 0x49, 0x4e, 0x46, 0x4f, 0x0a, 0x73, 0x79, 0x73, 0x63, 0x66, 0x67, 0x2d, 0x64, 0x61,
	0x65, 0x6d, 0x6f, 0x6e, 0x5f, 0x6c, 0x69, 0x73, 0x74, 0x65, 0x6e, 0x3d, 0x74, 0x63, 0x70, 0x3a,
	0x30, 0x2e, 0x30, 0x2e, 0x30, 0x2e, 0x30, 0x3a, 0x31, 0x32, 0x33, 0x34, 0x35, 0x0a, 0x73, 0x79,
	0x73, 0x63, 0x66, 0x67, 0x2d, 0x63, 0x6c, 0x69, 0x65, 0x6e, 0x74, 0x5f, 0x63, 0x6f, 0x6e, 0x6e,
	0x65, 0x63, 0x74, 0x3d, 0x74, 0x63, 0x70, 0x3a, 0x31, 0x32, 0x37, 0x2e, 0x30, 0x2e, 0x30, 0x2e,
	0x31, 0x3a, 0x31, 0x32, 0x33, 0x34, 0x35, 0x0a, 0x0a, 0x5b, 0x4d, 0x75, 0x63, 0x68, 0x61, 0x43,
	0x41, 0x43, 0x6f, 0x6e, 0x66, 0x69, 0x67, 0x5d, 0x0a, 0x3b, 0x3b, 0x20, 0x4d, 0x55, 0x43, 0x48,
	0x41, 0x20, 0xe8, 0xaa, 0x8d, 0xe8, 0xa8, 0xbc, 0xe8, 0xa8, 0xad, 0xe5, 0xae, 0x9a, 0x0a, 0x63,
	0x61, 0x63, 0x66, 0x67, 0x2d, 0x67, 0x61, 0x6d, 0x65, 0x5f, 0x63, 0x64, 0x3d, 0x57, 0x4d, 0x36,
	0x31, 0x0a, 0x63, 0x61, 0x63, 0x66, 0x67, 0x2d, 0x67, 0x61, 0x6d, 0x65, 0x5f, 0x76, 0x65, 0x72,
	0x3d, 0x30, 0x30, 0x2e, 0x31, 0x33, 0x0a, 0x63, 0x61, 0x63, 0x66, 0x67, 0x2d, 0x67, 0x61, 0x6d,
	0x65, 0x5f, 0x62, 0x6f, 0x61, 0x72, 0x64, 0x5f, 0x74, 0x79, 0x70, 0x65, 0x3d, 0x30, 0x0a, 0x63,
	0x61, 0x63, 0x66, 0x67, 0x2d, 0x67, 0x61, 0x6d, 0x65, 0x5f, 0x62, 0x6f, 0x61, 0x72, 0x64, 0x5f,
	0x69, 0x64, 0x3d, 0x57, 0x4d, 0x36, 0x0a, 0x63, 0x61, 0x63, 0x66, 0x67, 0x2d, 0x61, 0x75, 0x74,
	0x68, 0x5f, 0x73, 0x65, 0x72, 0x76, 0x65, 0x72, 0x5f, 0x75, 0x72, 0x6c, 0x3d, 0x68, 0x74, 0x74,
	0x70, 0x73, 0x3a, 0x2f, 0x2f, 0x30, 0x2e, 0x30, 0x2e, 0x30, 0x2e, 0x30, 0x3a, 0x31, 0x30, 0x30,
	0x38, 0x32, 0x0a, 0x63, 0x61, 0x63, 0x66, 0x67, 0x2d, 0x61, 0x75, 0x74, 0x68, 0x5f, 0x73, 0x65,
	0x72, 0x76, 0x65, 0x72, 0x5f, 0x73, 0x73, 0x6c, 0x76, 0x65, 0x72, 0x69, 0x66, 0x79, 0x3d, 0x30,
	0x0a, 0x63, 0x61, 0x63, 0x66, 0x67, 0x2d, 0x61, 0x75, 0x74, 0x68, 0x5f, 0x73, 0x65, 0x72, 0x76,
	0x65, 0x72, 0x5f, 0x73, 0x73, 0x6c, 0x63, 0x61, 0x66, 0x69, 0x6c, 0x65, 0x3d, 0x2e, 0x5c, 0x66,
	0x72, 0x6f, 0x6e, 0x74, 0x2e, 0x6d, 0x75, 0x63, 0x68, 0x61, 0x2d, 0x70, 0x72, 0x64, 0x2e, 0x6e,
	0x62, 0x67, 0x69, 0x2d, 0x61, 0x6d, 0x6e, 0x65, 0x74, 0x2e, 0x6a, 0x70, 0x2e, 0x63, 0x61, 0x63,
	0x65, 0x72, 0x74, 0x2e, 0x70, 0x65, 0x6d, 0x0a, 0x63, 0x61, 0x63, 0x66, 0x67, 0x2d, 0x61, 0x75,
	0x74, 0x68, 0x5f, 0x73, 0x65, 0x72, 0x76, 0x65, 0x72, 0x5f, 0x74, 0x69, 0x6d, 0x65, 0x6f, 0x75,
	0x74, 0x3d, 0x33, 0x30, 0x30, 0x0a, 0x63, 0x61, 0x63, 0x66, 0x67, 0x2d, 0x69, 0x6e, 0x74, 0x65,
	0x72, 0x76, 0x61, 0x6c, 0x5f, 0x61, 0x69, 0x6e, 0x66, 0x6f, 0x5f, 0x72, 0x65, 0x6e, 0x65, 0x77,
	0x3d, 0x31, 0x38, 0x30, 0x30, 0x0a, 0x63, 0x61, 0x63, 0x66, 0x67, 0x2d, 0x69, 0x6e, 0x74, 0x65,
	0x72, 0x76, 0x61, 0x6c, 0x5f, 0x61, 0x69, 0x6e, 0x66, 0x6f, 0x5f, 0x72, 0x65, 0x74, 0x72, 0x79,
	0x3d, 0x36, 0x30, 0x0a, 0x0a, 0x5b, 0x4d, 0x75, 0x63, 0x68, 0x61, 0x44, 0x74, 0x43, 0x6f, 0x6e,
	0x66, 0x69, 0x67, 0x5d, 0x0a, 0x3b, 0x3b, 0x20, 0x4d, 0x55, 0x43, 0x48, 0x41, 0x20, 0xe3, 0x83,
	0x95, 0xe3, 0x82, 0xa1, 0xe3, 0x82, 0xa4, 0xe3, 0x83, 0xab, 0xe9, 0x85, 0x8d, 0xe4, 0xbf, 0xa1,
	0x20, 0x28, 0x44, 0x54, 0x29, 0x20, 0xe8, 0xa8, 0xad, 0xe5, 0xae, 0x9a, 0x0a, 0x64, 0x74, 0x63,
	0x66, 0x67, 0x2d, 0x64, 0x6c, 0x5f, 0x70, 0x72, 0x6f, 0x64, 0x75, 0x63, 0x74, 0x5f, 0x69, 0x64,
	0x3d, 0x30, 0x78, 0x35, 0x37, 0x34, 0x64, 0x33, 0x36, 0x33, 0x31, 0x0a, 0x64, 0x74, 0x63, 0x66,
	0x67, 0x2d, 0x64, 0x6c, 0x5f, 0x63, 0x68, 0x75, 0x6e, 0x6b, 0x5f, 0x73, 0x69, 0x7a, 0x65, 0x3d,
	0x30, 0x78, 0x31, 0x30, 0x30, 0x30, 0x30, 0x0a, 0x64, 0x74, 0x63, 0x66, 0x67, 0x2d, 0x64, 0x6c,
	0x5f, 0x69, 0x6d, 0x61, 0x67, 0x65, 0x5f, 0x70, 0x61, 0x74, 0x68, 0x3d, 0x2e, 0x5c, 0x64, 0x6c,
	0x5f, 0x69, 0x6d, 0x61, 0x67, 0x65, 0x0a, 0x64, 0x74, 0x63, 0x66, 0x67, 0x2d, 0x64, 0x6c, 0x5f,
	0x69, 0x6d, 0x61, 0x67, 0x65, 0x5f, 0x73, 0x69, 0x7a, 0x65, 0x3d, 0x30, 0x0a, 0x64, 0x74, 0x63,
	0x66, 0x67, 0x2d, 0x64, 0x6c, 0x5f, 0x69, 0x6d, 0x61, 0x67, 0x65, 0x5f, 0x74, 0x79, 0x70, 0x65,
	0x3d, 0x46, 0x49, 0x4c, 0x45, 0x0a, 0x64, 0x74, 0x63, 0x66, 0x67, 0x2d, 0x64, 0x6c, 0x5f, 0x69,
	0x6d, 0x61, 0x67, 0x65, 0x5f, 0x63, 0x72, 0x79, 0x70, 0x74, 0x5f, 0x6b, 0x65, 0x79, 0x3d, 0x30,
	0x78, 0x64, 0x64, 0x31, 0x34, 0x39, 0x61, 0x62, 0x61, 0x0a, 0x64, 0x74, 0x63, 0x66, 0x67, 0x2d,
	0x64, 0x6c, 0x5f, 0x6c, 0x6f, 0x67, 0x5f, 0x6c, 0x65, 0x76, 0x65, 0x6c, 0x3d, 0x49, 0x4e, 0x46,
	0x4f, 0x0a, 0x64, 0x74, 0x63, 0x66, 0x67, 0x2d, 0x64, 0x6c, 0x5f, 0x6c, 0x61, 0x6e, 0x5f, 0x63,
	0x72, 0x79, 0x70, 0x74, 0x5f, 0x6b, 0x65, 0x79, 0x3d, 0x30, 0x78, 0x62, 0x39, 0x34, 0x62, 0x61,
	0x39, 0x66, 0x64, 0x31, 0x35, 0x32, 0x35, 0x38, 0x62, 0x63, 0x62, 0x0a, 0x64, 0x74, 0x63, 0x66,
	0x67, 0x2d, 0x64, 0x6c, 0x5f, 0x6c, 0x61, 0x6e, 0x5f, 0x62, 0x72, 0x6f, 0x61, 0x64, 0x63, 0x61,
	0x73, 0x74, 0x5f, 0x69, 0x6e, 0x74, 0x65, 0x72, 0x76, 0x61, 0x6c, 0x3d, 0x31, 0x30, 0x30, 0x30,
	0x0a, 0x64, 0x74, 0x63, 0x66, 0x67, 0x2d, 0x64, 0x6c, 0x5f, 0x6c, 0x61, 0x6e, 0x5f, 0x75, 0x64,
	0x70, 0x5f, 0x70, 0x6f, 0x72, 0x74, 0x3d, 0x38, 0x37, 0x36, 0x35, 0x0a, 0x64, 0x74, 0x63, 0x66,
	0x67, 0x2d, 0x64, 0x6c, 0x5f, 0x6c, 0x61, 0x6e, 0x5f, 0x62, 0x61, 0x6e, 0x64, 0x77, 0x69, 0x64,
	0x74, 0x68, 0x5f, 0x6c, 0x69, 0x6d, 0x69, 0x74, 0x3d, 0x30, 0x0a, 0x64, 0x74, 0x63, 0x66, 0x67,
	0x2d, 0x64, 0x6c, 0x5f, 0x6c, 0x61, 0x6e, 0x5f, 0x62, 0x72, 0x6f, 0x61, 0x64, 0x63, 0x61, 0x73,
	0x74, 0x5f, 0x61, 0x64, 0x64, 0x72, 0x65, 0x73, 0x73, 0x3d, 0x30, 0x2e, 0x30, 0x2e, 0x30, 0x2e,
	0x30, 0x0a, 0x64, 0x74, 0x63, 0x66, 0x67, 0x2d, 0x64, 0x6c, 0x5f, 0x77, 0x61, 0x6e, 0x5f, 0x72,
	0x65, 0x74, 0x72, 0x79, 0x5f, 0x6c, 0x69, 0x6d, 0x69, 0x74, 0x3d, 0x0a, 0x64, 0x74, 0x63, 0x66,
	0x67, 0x2d, 0x64, 0x6c, 0x5f, 0x77, 0x61, 0x6e, 0x5f, 0x72, 0x65, 0x74, 0x72, 0x79, 0x5f, 0x69,
	0x6e, 0x74, 0x65, 0x72, 0x76, 0x61, 0x6c, 0x3d, 0x0a, 0x64, 0x74, 0x63, 0x66, 0x67, 0x2d, 0x64,
	0x6c, 0x5f, 0x77, 0x61, 0x6e, 0x5f, 0x73, 0x65, 0x6e, 0x64, 0x5f, 0x74, 0x69, 0x6d, 0x65, 0x6f,
	0x75, 0x74, 0x3d, 0x0a, 0x64, 0x74, 0x63, 0x66, 0x67, 0x2d, 0x64, 0x6c, 0x5f, 0x77, 0x61, 0x6e,
	0x5f, 0x72, 0x65, 0x63, 0x76, 0x5f, 0x74, 0x69, 0x6d, 0x65, 0x6f, 0x75, 0x74, 0x3d, 0x0a, 0x64,
	0x74, 0x63, 0x66, 0x67, 0x2d, 0x64, 0x6c, 0x5f, 0x6c, 0x61, 0x6e, 0x5f, 0x72, 0x65, 0x74, 0x72,
	0x79, 0x5f, 0x6c, 0x69, 0x6d, 0x69, 0x74, 0x3d, 0x0a, 0x64, 0x74, 0x63, 0x66, 0x67, 0x2d, 0x64,
	0x6c, 0x5f, 0x6c, 0x61, 0x6e, 0x5f, 0x72, 0x65, 0x74, 0x72, 0x79, 0x5f, 0x69, 0x6e, 0x74, 0x65,
	0x72, 0x76, 0x61, 0x6c, 0x3d, 0x0a, 0x64, 0x74, 0x63, 0x66, 0x67, 0x2d, 0x64, 0x6c, 0x5f, 0x6c,
	0x61, 0x6e, 0x5f, 0x73, 0x65, 0x6e, 0x64, 0x5f, 0x74, 0x69, 0x6d, 0x65, 0x6f, 0x75, 0x74, 0x3d,
	0x0a, 0x64, 0x74, 0x63, 0x66, 0x67, 0x2d, 0x64, 0x6c, 0x5f, 0x6c, 0x61, 0x6e, 0x5f, 0x72, 0x65,
	0x63, 0x76, 0x5f, 0x74, 0x69, 0x6d, 0x65, 0x6f, 0x75, 0x74, 0x3d, 0x0a, 0x0a, 0x5b, 0x4d, 0x75,
	0x63, 0x68, 0x61, 0x44, 0x74, 0x4d, 0x6f, 0x64, 0x65, 0x43, 0x6f, 0x6e, 0x66, 0x69, 0x67, 0x5d,
	0x0a, 0x3b, 0x3b, 0x20, 0x4d, 0x55, 0x43, 0x48, 0x41, 0x20, 0xe3, 0x83, 0x95, 0xe3, 0x82, 0xa1,
	0xe3, 0x82, 0xa4, 0xe3, 0x83, 0xab, 0xe9, 0x85, 0x8d, 0xe4, 0xbf, 0xa1, 0xe3, 0x83, 0xa2, 0xe3,
	0x83, 0xbc, 0xe3, 0x83, 0x89, 0xe8, 0xa8, 0xad, 0xe5, 0xae, 0x9a, 0x0a, 0x64, 0x74, 0x6d, 0x6f,
	0x64, 0x65, 0x2d, 0x69, 0x6f, 0x5f, 0x64, 0x69, 0x72, 0x3d, 0x2e, 0x5c, 0x0a, 0x64, 0x74, 0x6d,
	0x6f, 0x64, 0x65, 0x2d, 0x69, 0x6f, 0x5f, 0x66, 0x69, 0x6c, 0x65, 0x3d, 0x57, 0x4d, 0x36, 0x31,
	0x30, 0x4a, 0x50, 0x4e, 0x0a, 0x64, 0x74, 0x6d, 0x6f, 0x64, 0x65, 0x2d, 0x69, 0x6f, 0x5f, 0x63,
	0x6f, 0x6e, 0x76, 0x3d, 0x44, 0x45, 0x43, 0x45, 0x58, 0x50, 0x0a, 0x64, 0x74, 0x6d, 0x6f, 0x64,
	0x65, 0x2d, 0x69, 0x6f, 0x5f, 0x70, 0x61, 0x73, 0x73, 0x70, 0x68, 0x72, 0x61, 0x73, 0x65, 0x3d,
	0x51, 0x78, 0x38, 0x68, 0x4a, 0x31, 0x4b, 0x69, 0x6c, 0x77, 0x65, 0x41, 0x70, 0x35, 0x58, 0x6d,
	0x0a
};


// 6R AMConfig
static const unsigned char AMConfig_6R[] = {
	0x5b, 0x41, 0x4d, 0x55, 0x70, 0x64, 0x61, 0x74, 0x65, 0x72, 0x43, 0x6f, 0x6e, 0x66, 0x69, 0x67,
	0x5d, 0x20, 0x0a, 0x3b, 0x3b, 0x20, 0x41, 0x4d, 0x55, 0x70, 0x64, 0x61, 0x74, 0x65, 0x72, 0x20,
	0xe4, 0xb8, 0x80, 0xe8, 0x88, 0xac, 0xe8, 0xa8, 0xad, 0xe5, 0xae, 0x9a, 0x0a, 0x61, 0x6d, 0x75,
	0x63, 0x66, 0x67, 0x2d, 0x74, 0x69, 0x74, 0x6c, 0x65, 0x3d, 0xe6, 0xb9, 0xbe, 0xe5, 0xb2, 0xb8,
	0xe3, 0x83, 0x9f, 0xe3, 0x83, 0x83, 0xe3, 0x83, 0x89, 0xe3, 0x83, 0x8a, 0xe3, 0x82, 0xa4, 0xe3,
	0x83, 0x88, 0x20, 0x4d, 0x41, 0x58, 0x49, 0x4d, 0x55, 0x4d, 0x20, 0x54, 0x55, 0x4e, 0x45, 0x20,
	0x36, 0x52, 0x0a, 0x61, 0x6d, 0x75, 0x63, 0x66, 0x67, 0x2d, 0x6c, 0x61, 0x6e, 0x67, 0x3d, 0x4a,
	0x50, 0x0a, 0x61, 0x6d, 0x75, 0x63, 0x66, 0x67, 0x2d, 0x63, 0x6f, 0x75, 0x6e, 0x74, 0x64, 0x6f,
	0x77, 0x6e, 0x3d, 0x35, 0x0a, 0x61, 0x6d, 0x75, 0x63, 0x66, 0x67, 0x2d, 0x68, 0x5f, 0x72, 0x65,
	0x73, 0x6f, 0x6c, 0x3d, 0x31, 0x33, 0x36, 0x30, 0x0a, 0x61, 0x6d, 0x75, 0x63, 0x66, 0x67, 0x2d,
	0x76, 0x5f, 0x72, 0x65, 0x73, 0x6f, 0x6c, 0x3d, 0x37, 0x36, 0x38, 0x0a, 0x61, 0x6d, 0x75, 0x63,
	0x66, 0x67, 0x2d, 0x6c, 0x6f, 0x67, 0x66, 0x69, 0x6c, 0x65, 0x3d, 0x2e, 0x5c, 0x61, 0x6d, 0x75,
	0x70, 0x64, 0x61, 0x74, 0x65, 0x72, 0x2e, 0x6c, 0x6f, 0x67, 0x0a, 0x61, 0x6d, 0x75, 0x63, 0x66,
	0x67, 0x2d, 0x67, 0x61, 0x6d, 0x65, 0x5f, 0x72, 0x65, 0x76, 0x3d, 0x32, 0x0a, 0x61, 0x6d, 0x75,
	0x63, 0x66, 0x67, 0x2d, 0x68, 0x5f, 0x6f, 0x66, 0x66, 0x73, 0x65, 0x74, 0x3d, 0x30, 0x0a, 0x61,
	0x6d, 0x75, 0x63, 0x66, 0x67, 0x2d, 0x76, 0x5f, 0x6f, 0x66, 0x66, 0x73, 0x65, 0x74, 0x3d, 0x30,
	0x0a, 0x0a, 0x5b, 0x41, 0x4d, 0x41, 0x75, 0x74, 0x68, 0x64, 0x43, 0x6f, 0x6e, 0x66, 0x69, 0x67,
	0x5d, 0x20, 0x0a, 0x3b, 0x3b, 0x20, 0x41, 0x4d, 0x41, 0x75, 0x74, 0x68, 0x64, 0x20, 0xe4, 0xb8,
	0x80, 0xe8, 0x88, 0xac, 0xe8, 0xa8, 0xad, 0xe5, 0xae, 0x9a, 0x0a, 0x61, 0x6d, 0x64, 0x63, 0x66,
	0x67, 0x2d, 0x61, 0x75, 0x74, 0x68, 0x54, 0x79, 0x70, 0x65, 0x3d, 0x41, 0x4c, 0x4c, 0x2e, 0x4e,
	0x45, 0x54, 0x0a, 0x61, 0x6d, 0x64, 0x63, 0x66, 0x67, 0x2d, 0x73, 0x6c, 0x65, 0x65, 0x70, 0x54,
	0x69, 0x6d, 0x65, 0x3d, 0x35, 0x30, 0x0a, 0x61, 0x6d, 0x64, 0x63, 0x66, 0x67, 0x2d, 0x72, 0x65,
	0x73, 0x6f, 0x4e, 0x61, 0x6d, 0x65, 0x54, 0x69, 0x6d, 0x65, 0x6f, 0x75, 0x74, 0x3d, 0x31, 0x38,
	0x30, 0x0a, 0x61, 0x6d, 0x64, 0x63, 0x66, 0x67, 0x2d, 0x77, 0x72, 0x69, 0x74, 0x61, 0x62, 0x6c,
	0x65, 0x43, 0x6f, 0x6e, 0x66, 0x69, 0x67, 0x3d, 0x2e, 0x5c, 0x57, 0x72, 0x69, 0x74, 0x61, 0x62,
	0x6c, 0x65, 0x43, 0x6f, 0x6e, 0x66, 0x69, 0x67, 0x2e, 0x69, 0x6e, 0x69, 0x0a, 0x61, 0x6d, 0x64,
	0x63, 0x66, 0x67, 0x2d, 0x73, 0x68, 0x6f, 0x77, 0x43, 0x6f, 0x6e, 0x73, 0x6f, 0x6c, 0x65, 0x3d,
	0x45, 0x4e, 0x41, 0x42, 0x4c, 0x45, 0x0a, 0x61, 0x6d, 0x64, 0x63, 0x66, 0x67, 0x2d, 0x6c, 0x6f,
	0x67, 0x66, 0x69, 0x6c, 0x65, 0x3d, 0x0a, 0x61, 0x6d, 0x64, 0x63, 0x66, 0x67, 0x2d, 0x65, 0x78,
	0x70, 0x6f, 0x72, 0x74, 0x5f, 0x6c, 0x6f, 0x67, 0x3d, 0x0a, 0x0a, 0x5b, 0x41, 0x6c, 0x6c, 0x6e,
	0x65, 0x74, 0x43, 0x6f, 0x6e, 0x66, 0x69, 0x67, 0x5d, 0x20, 0x0a, 0x3b, 0x3b, 0x20, 0x41, 0x4c,
	0x4c, 0x2e, 0x4e, 0x65, 0x74, 0x20, 0xe4, 0xb8, 0x80, 0xe8, 0x88, 0xac, 0xe8, 0xa8, 0xad, 0xe5,
	0xae, 0x9a, 0x0a, 0x61, 0x6c, 0x6c, 0x63, 0x66, 0x67, 0x2d, 0x67, 0x61, 0x6d, 0x65, 0x49, 0x44,
	0x3d, 0x53, 0x42, 0x57, 0x4a, 0x0a, 0x61, 0x6c, 0x6c, 0x63, 0x66, 0x67, 0x2d, 0x67, 0x61, 0x6d,
	0x65, 0x56, 0x65, 0x72, 0x3d, 0x31, 0x31, 0x2e, 0x30, 0x30, 0x0a, 0x0a, 0x5b, 0x41, 0x6c, 0x6c,
	0x6e, 0x65, 0x74, 0x4f, 0x70, 0x74, 0x69, 0x6f, 0x6e, 0x52, 0x65, 0x76, 0x61, 0x6c, 0x54, 0x69,
	0x6d, 0x65, 0x5d, 0x0a, 0x3b, 0x3b, 0x20, 0x41, 0x4c, 0x4c, 0x2e, 0x4e, 0x65, 0x74, 0x20, 0xe5,
	0x86, 0x8d, 0xe8, 0xaa, 0x8d, 0xe8, 0xa8, 0xbc, 0xe6, 0x99, 0x82, 0xe5, 0x88, 0xbb, 0xe8, 0xa8,
	0xad, 0xe5, 0xae, 0x9a, 0x0a, 0x61, 0x6c, 0x6c, 0x6f, 0x70, 0x74, 0x2d, 0x72, 0x65, 0x76, 0x61,
	0x6c, 0x5f, 0x68, 0x6f, 0x75, 0x72, 0x3d, 0x37, 0x0a, 0x61, 0x6c, 0x6c, 0x6f, 0x70, 0x74, 0x2d,
	0x72, 0x65, 0x76, 0x61, 0x6c, 0x5f, 0x6d, 0x69, 0x6e, 0x75, 0x74, 0x65, 0x3d, 0x30, 0x0a, 0x61,
	0x6c, 0x6c, 0x6f, 0x70, 0x74, 0x2d, 0x72, 0x65, 0x76, 0x61, 0x6c, 0x5f, 0x73, 0x65, 0x63, 0x6f,
	0x6e, 0x64, 0x3d, 0x30, 0x0a, 0x0a, 0x5b, 0x41, 0x6c, 0x6c, 0x6e, 0x65, 0x74, 0x4f, 0x70, 0x74,
	0x69, 0x6f, 0x6e, 0x54, 0x69, 0x6d, 0x65, 0x6f, 0x75, 0x74, 0x5d, 0x0a, 0x3b, 0x3b, 0x20, 0x41,
	0x4c, 0x4c, 0x2e, 0x4e, 0x65, 0x74, 0x20, 0xe9, 0x80, 0x9a, 0xe4, 0xbf, 0xa1, 0xe3, 0x82, 0xbf,
	0xe3, 0x82, 0xa4, 0xe3, 0x83, 0xa0, 0xe3, 0x82, 0xa2, 0xe3, 0x82, 0xa6, 0xe3, 0x83, 0x88, 0xe8,
	0xa8, 0xad, 0xe5, 0xae, 0x9a, 0x0a, 0x61, 0x6c, 0x6c, 0x6f, 0x70, 0x74, 0x2d, 0x74, 0x69, 0x6d,
	0x65, 0x6f, 0x75, 0x74, 0x5f, 0x63, 0x6f, 0x6e, 0x6e, 0x65, 0x63, 0x74, 0x3d, 0x36, 0x30, 0x30,
	0x30, 0x30, 0x20, 0x20, 0x0a, 0x61, 0x6c, 0x6c, 0x6f, 0x70, 0x74, 0x2d, 0x74, 0x69, 0x6d, 0x65,
	0x6f, 0x75, 0x74, 0x5f, 0x73, 0x65, 0x6e, 0x64, 0x3d, 0x36, 0x30, 0x30, 0x30, 0x30, 0x0a, 0x61,
	0x6c, 0x6c, 0x6f, 0x70, 0x74, 0x2d, 0x74, 0x69, 0x6d, 0x65, 0x6f, 0x75, 0x74, 0x5f, 0x72, 0x65,
	0x63, 0x76, 0x3d, 0x36, 0x30, 0x30, 0x30, 0x30, 0x0a, 0x0a, 0x5b, 0x4d, 0x75, 0x63, 0x68, 0x61,
	0x41, 0x70, 0x70, 0x43, 0x6f, 0x6e, 0x66, 0x69, 0x67, 0x5d, 0x0a, 0x3b, 0x3b, 0x20, 0x6d, 0x75,
	0x63, 0x68, 0x61, 0x5f, 0x61, 0x70, 0x70, 0x20, 0xe8, 0xa8, 0xad, 0xe5, 0xae, 0x9a, 0x0a, 0x61,
	0x70, 0x70, 0x63, 0x66, 0x67, 0x2d, 0x6c, 0x6f, 0x67, 0x66, 0x69, 0x6c, 0x65, 0x3d, 0x2e, 0x5c,
	0x6d, 0x75, 0x63, 0x68, 0x61, 0x61, 0x70, 0x70, 0x2e, 0x6c, 0x6f, 0x67, 0x0a, 0x61, 0x70, 0x70,
	0x63, 0x66, 0x67, 0x2d, 0x6c, 0x6f, 0x67, 0x6c, 0x65, 0x76, 0x65, 0x6c, 0x3d, 0x49, 0x4e, 0x46,
	0x4f, 0x0a, 0x0a, 0x5b, 0x4d, 0x75, 0x63, 0x68, 0x61, 0x53, 0x79, 0x73, 0x43, 0x6f, 0x6e, 0x66,
	0x69, 0x67, 0x5d, 0x0a, 0x3b, 0x3b, 0x20, 0x4d, 0x55, 0x43, 0x48, 0x41, 0x20, 0xe3, 0x82, 0xb7,
	0xe3, 0x82, 0xb9, 0xe3, 0x83, 0x86, 0xe3, 0x83, 0xa0, 0xe8, 0xa8, 0xad, 0xe5, 0xae, 0x9a, 0x0a,
	0x73, 0x79, 0x73, 0x63, 0x66, 0x67, 0x2d, 0x64, 0x61, 0x65, 0x6d, 0x6f, 0x6e, 0x5f, 0x65, 0x78,
	0x65, 0x3d, 0x2e, 0x5c, 0x4d, 0x75, 0x63, 0x68, 0x61, 0x42, 0x69, 0x6e, 0x5c, 0x6d, 0x75, 0x63,
	0x68, 0x61, 0x63, 0x64, 0x2e, 0x65, 0x78, 0x65, 0x0a, 0x73, 0x79, 0x73, 0x63, 0x66, 0x67, 0x2d,
	0x64, 0x61, 0x65, 0x6d, 0x6f, 0x6e, 0x5f, 0x70, 0x69, 0x64, 0x66, 0x69, 0x6c, 0x65, 0x3d, 0x2e,
	0x5c, 0x6d, 0x75, 0x63, 0x68, 0x61, 0x63, 0x64, 0x2e, 0x70, 0x69, 0x64, 0x0a, 0x73, 0x79, 0x73,
	0x63, 0x66, 0x67, 0x2d, 0x64, 0x61, 0x65, 0x6d, 0x6f, 0x6e, 0x5f, 0x6c, 0x6f, 0x67, 0x66, 0x69,
	0x6c, 0x65, 0x3d, 0x2e, 0x5c, 0x6d, 0x75, 0x63, 0x68, 0x61, 0x63, 0x64, 0x2e, 0x6c, 0x6f, 0x67,
	0x0a, 0x73, 0x79, 0x73, 0x63, 0x66, 0x67, 0x2d, 0x64, 0x61, 0x65, 0x6d, 0x6f, 0x6e, 0x5f, 0x6c,
	0x6f, 0x67, 0x6c, 0x65, 0x76, 0x65, 0x6c, 0x3d, 0x49, 0x4e, 0x46, 0x4f, 0x0a, 0x73, 0x79, 0x73,
	0x63, 0x66, 0x67, 0x2d, 0x64, 0x61, 0x65, 0x6d, 0x6f, 0x6e, 0x5f, 0x6c, 0x69, 0x73, 0x74, 0x65,
	0x6e, 0x3d, 0x74, 0x63, 0x70, 0x3a, 0x30, 0x2e, 0x30, 0x2e, 0x30, 0x2e, 0x30, 0x3a, 0x31, 0x32,
	0x33, 0x34, 0x35, 0x0a, 0x73, 0x79, 0x73, 0x63, 0x66, 0x67, 0x2d, 0x63, 0x6c, 0x69, 0x65, 0x6e,
	0x74, 0x5f, 0x63, 0x6f, 0x6e, 0x6e, 0x65, 0x63, 0x74, 0x3d, 0x74, 0x63, 0x70, 0x3a, 0x31, 0x32,
	0x37, 0x2e, 0x30, 0x2e, 0x30, 0x2e, 0x31, 0x3a, 0x31, 0x32, 0x33, 0x34, 0x35, 0x0a, 0x0a, 0x5b,
	0x4d, 0x75, 0x63, 0x68, 0x61, 0x43, 0x41, 0x43, 0x6f, 0x6e, 0x66, 0x69, 0x67, 0x5d, 0x0a, 0x3b,
	0x3b, 0x20, 0x4d, 0x55, 0x43, 0x48, 0x41, 0x20, 0xe8, 0xaa, 0x8d, 0xe8, 0xa8, 0xbc, 0xe8, 0xa8,
	0xad, 0xe5, 0xae, 0x9a, 0x0a, 0x63, 0x61, 0x63, 0x66, 0x67, 0x2d, 0x67, 0x61, 0x6d, 0x65, 0x5f,
	0x63, 0x64, 0x3d, 0x57, 0x36, 0x52, 0x31, 0x0a, 0x63, 0x61, 0x63, 0x66, 0x67, 0x2d, 0x67, 0x61,
	0x6d, 0x65, 0x5f, 0x76, 0x65, 0x72, 0x3d, 0x30, 0x30, 0x2e, 0x30, 0x38, 0x0a, 0x63, 0x61, 0x63,
	0x66, 0x67, 0x2d, 0x67, 0x61, 0x6d, 0x65, 0x5f, 0x62, 0x6f, 0x61, 0x72, 0x64, 0x5f, 0x74, 0x79,
	0x70, 0x65, 0x3d, 0x30, 0x0a, 0x63, 0x61, 0x63, 0x66, 0x67, 0x2d, 0x67, 0x61, 0x6d, 0x65, 0x5f,
	0x62, 0x6f, 0x61, 0x72, 0x64, 0x5f, 0x69, 0x64, 0x3d, 0x57, 0x36, 0x52, 0x0a, 0x63, 0x61, 0x63,
	0x66, 0x67, 0x2d, 0x61, 0x75, 0x74, 0x68, 0x5f, 0x73, 0x65, 0x72, 0x76, 0x65, 0x72, 0x5f, 0x75,
	0x72, 0x6c, 0x3d, 0x68, 0x74, 0x74, 0x70, 0x73, 0x3a, 0x2f, 0x2f, 0x30, 0x2e, 0x30, 0x2e, 0x30,
	0x2e, 0x30, 0x3a, 0x31, 0x30, 0x30, 0x38, 0x32, 0x0a, 0x63, 0x61, 0x63, 0x66, 0x67, 0x2d, 0x61,
	0x75, 0x74, 0x68, 0x5f, 0x73, 0x65, 0x72, 0x76, 0x65, 0x72, 0x5f, 0x73, 0x73, 0x6c, 0x76, 0x65,
	0x72, 0x69, 0x66, 0x79, 0x3d, 0x30, 0x0a, 0x63, 0x61, 0x63, 0x66, 0x67, 0x2d, 0x61, 0x75, 0x74,
	0x68, 0x5f, 0x73, 0x65, 0x72, 0x76, 0x65, 0x72, 0x5f, 0x73, 0x73, 0x6c, 0x63, 0x61, 0x66, 0x69,
	0x6c, 0x65, 0x3d, 0x2e, 0x5c, 0x66, 0x72, 0x6f, 0x6e, 0x74, 0x2e, 0x6d, 0x75, 0x63, 0x68, 0x61,
	0x2d, 0x70, 0x72, 0x64, 0x2e, 0x6e, 0x62, 0x67, 0x69, 0x2d, 0x61, 0x6d, 0x6e, 0x65, 0x74, 0x2e,
	0x6a, 0x70, 0x2e, 0x63, 0x61, 0x63, 0x65, 0x72, 0x74, 0x2e, 0x70, 0x65, 0x6d, 0x0a, 0x63, 0x61,
	0x63, 0x66, 0x67, 0x2d, 0x61, 0x75, 0x74, 0x68, 0x5f, 0x73, 0x65, 0x72, 0x76, 0x65, 0x72, 0x5f,
	0x74, 0x69, 0x6d, 0x65, 0x6f, 0x75, 0x74, 0x3d, 0x33, 0x30, 0x30, 0x0a, 0x63, 0x61, 0x63, 0x66,
	0x67, 0x2d, 0x69, 0x6e, 0x74, 0x65, 0x72, 0x76, 0x61, 0x6c, 0x5f, 0x61, 0x69, 0x6e, 0x66, 0x6f,
	0x5f, 0x72, 0x65, 0x6e, 0x65, 0x77, 0x3d, 0x31, 0x38, 0x30, 0x30, 0x0a, 0x63, 0x61, 0x63, 0x66,
	0x67, 0x2d, 0x69, 0x6e, 0x74, 0x65, 0x72, 0x76, 0x61, 0x6c, 0x5f, 0x61, 0x69, 0x6e, 0x66, 0x6f,
	0x5f, 0x72, 0x65, 0x74, 0x72, 0x79, 0x3d, 0x36, 0x30, 0x0a, 0x0a, 0x5b, 0x4d, 0x75, 0x63, 0x68,
	0x61, 0x44, 0x74, 0x43, 0x6f, 0x6e, 0x66, 0x69, 0x67, 0x5d, 0x0a, 0x3b, 0x3b, 0x20, 0x4d, 0x55,
	0x43, 0x48, 0x41, 0x20, 0xe3, 0x83, 0x95, 0xe3, 0x82, 0xa1, 0xe3, 0x82, 0xa4, 0xe3, 0x83, 0xab,
	0xe9, 0x85, 0x8d, 0xe4, 0xbf, 0xa1, 0x20, 0x28, 0x44, 0x54, 0x29, 0x20, 0xe8, 0xa8, 0xad, 0xe5,
	0xae, 0x9a, 0x0a, 0x64, 0x74, 0x63, 0x66, 0x67, 0x2d, 0x64, 0x6c, 0x5f, 0x70, 0x72, 0x6f, 0x64,
	0x75, 0x63, 0x74, 0x5f, 0x69, 0x64, 0x3d, 0x30, 0x78, 0x35, 0x37, 0x33, 0x36, 0x35, 0x32, 0x33,
	0x31, 0x0a, 0x64, 0x74, 0x63, 0x66, 0x67, 0x2d, 0x64, 0x6c, 0x5f, 0x63, 0x68, 0x75, 0x6e, 0x6b,
	0x5f, 0x73, 0x69, 0x7a, 0x65, 0x3d, 0x30, 0x78, 0x31, 0x30, 0x30, 0x30, 0x30, 0x0a, 0x64, 0x74,
	0x63, 0x66, 0x67, 0x2d, 0x64, 0x6c, 0x5f, 0x69, 0x6d, 0x61, 0x67, 0x65, 0x5f, 0x70, 0x61, 0x74,
	0x68, 0x3d, 0x2e, 0x5c, 0x64, 0x6c, 0x5f, 0x69, 0x6d, 0x61, 0x67, 0x65, 0x0a, 0x64, 0x74, 0x63,
	0x66, 0x67, 0x2d, 0x64, 0x6c, 0x5f, 0x69, 0x6d, 0x61, 0x67, 0x65, 0x5f, 0x73, 0x69, 0x7a, 0x65,
	0x3d, 0x30, 0x0a, 0x64, 0x74, 0x63, 0x66, 0x67, 0x2d, 0x64, 0x6c, 0x5f, 0x69, 0x6d, 0x61, 0x67,
	0x65, 0x5f, 0x74, 0x79, 0x70, 0x65, 0x3d, 0x52, 0x41, 0x57, 0x0a, 0x64, 0x74, 0x63, 0x66, 0x67,
	0x2d, 0x64, 0x6c, 0x5f, 0x69, 0x6d, 0x61, 0x67, 0x65, 0x5f, 0x63, 0x72, 0x79, 0x70, 0x74, 0x5f,
	0x6b, 0x65, 0x79, 0x3d, 0x30, 0x78, 0x64, 0x64, 0x31, 0x34, 0x39, 0x61, 0x62, 0x61, 0x0a, 0x64,
	0x74, 0x63, 0x66, 0x67, 0x2d, 0x64, 0x6c, 0x5f, 0x6c, 0x6f, 0x67, 0x5f, 0x6c, 0x65, 0x76, 0x65,
	0x6c, 0x3d, 0x49, 0x4e, 0x46, 0x4f, 0x0a, 0x64, 0x74, 0x63, 0x66, 0x67, 0x2d, 0x64, 0x6c, 0x5f,
	0x6c, 0x61, 0x6e, 0x5f, 0x63, 0x72, 0x79, 0x70, 0x74, 0x5f, 0x6b, 0x65, 0x79, 0x3d, 0x30, 0x78,
	0x62, 0x39, 0x34, 0x62, 0x61, 0x39, 0x66, 0x64, 0x31, 0x35, 0x32, 0x35, 0x38, 0x62, 0x63, 0x62,
	0x0a, 0x64, 0x74, 0x63, 0x66, 0x67, 0x2d, 0x64, 0x6c, 0x5f, 0x6c, 0x61, 0x6e, 0x5f, 0x62, 0x72,
	0x6f, 0x61, 0x64, 0x63, 0x61, 0x73, 0x74, 0x5f, 0x69, 0x6e, 0x74, 0x65, 0x72, 0x76, 0x61, 0x6c,
	0x3d, 0x31, 0x30, 0x30, 0x30, 0x0a, 0x64, 0x74, 0x63, 0x66, 0x67, 0x2d, 0x64, 0x6c, 0x5f, 0x6c,
	0x61, 0x6e, 0x5f, 0x75, 0x64, 0x70, 0x5f, 0x70, 0x6f, 0x72, 0x74, 0x3d, 0x39, 0x38, 0x34, 0x32,
	0x0a, 0x64, 0x74, 0x63, 0x66, 0x67, 0x2d, 0x64, 0x6c, 0x5f, 0x6c, 0x61, 0x6e, 0x5f, 0x62, 0x61,
	0x6e, 0x64, 0x77, 0x69, 0x64, 0x74, 0x68, 0x5f, 0x6c, 0x69, 0x6d, 0x69, 0x74, 0x3d, 0x30, 0x0a,
	0x64, 0x74, 0x63, 0x66, 0x67, 0x2d, 0x64, 0x6c, 0x5f, 0x6c, 0x61, 0x6e, 0x5f, 0x62, 0x72, 0x6f,
	0x61, 0x64, 0x63, 0x61, 0x73, 0x74, 0x5f, 0x61, 0x64, 0x64, 0x72, 0x65, 0x73, 0x73, 0x3d, 0x30,
	0x2e, 0x30, 0x2e, 0x30, 0x2e, 0x30, 0x0a, 0x64, 0x74, 0x63, 0x66, 0x67, 0x2d, 0x64, 0x6c, 0x5f,
	0x77, 0x61, 0x6e, 0x5f, 0x72, 0x65, 0x74, 0x72, 0x79, 0x5f, 0x6c, 0x69, 0x6d, 0x69, 0x74, 0x3d,
	0x0a, 0x64, 0x74, 0x63, 0x66, 0x67, 0x2d, 0x64, 0x6c, 0x5f, 0x77, 0x61, 0x6e, 0x5f, 0x72, 0x65,
	0x74, 0x72, 0x79, 0x5f, 0x69, 0x6e, 0x74, 0x65, 0x72, 0x76, 0x61, 0x6c, 0x3d, 0x0a, 0x64, 0x74,
	0x63, 0x66, 0x67, 0x2d, 0x64, 0x6c, 0x5f, 0x77, 0x61, 0x6e, 0x5f, 0x73, 0x65, 0x6e, 0x64, 0x5f,
	0x74, 0x69, 0x6d, 0x65, 0x6f, 0x75, 0x74, 0x3d, 0x0a, 0x64, 0x74, 0x63, 0x66, 0x67, 0x2d, 0x64,
	0x6c, 0x5f, 0x77, 0x61, 0x6e, 0x5f, 0x72, 0x65, 0x63, 0x76, 0x5f, 0x74, 0x69, 0x6d, 0x65, 0x6f,
	0x75, 0x74, 0x3d, 0x0a, 0x64, 0x74, 0x63, 0x66, 0x67, 0x2d, 0x64, 0x6c, 0x5f, 0x6c, 0x61, 0x6e,
	0x5f, 0x72, 0x65, 0x74, 0x72, 0x79, 0x5f, 0x6c, 0x69, 0x6d, 0x69, 0x74, 0x3d, 0x0a, 0x64, 0x74,
	0x63, 0x66, 0x67, 0x2d, 0x64, 0x6c, 0x5f, 0x6c, 0x61, 0x6e, 0x5f, 0x72, 0x65, 0x74, 0x72, 0x79,
	0x5f, 0x69, 0x6e, 0x74, 0x65, 0x72, 0x76, 0x61, 0x6c, 0x3d, 0x0a, 0x64, 0x74, 0x63, 0x66, 0x67,
	0x2d, 0x64, 0x6c, 0x5f, 0x6c, 0x61, 0x6e, 0x5f, 0x73, 0x65, 0x6e, 0x64, 0x5f, 0x74, 0x69, 0x6d,
	0x65, 0x6f, 0x75, 0x74, 0x3d, 0x0a, 0x64, 0x74, 0x63, 0x66, 0x67, 0x2d, 0x64, 0x6c, 0x5f, 0x6c,
	0x61, 0x6e, 0x5f, 0x72, 0x65, 0x63, 0x76, 0x5f, 0x74, 0x69, 0x6d, 0x65, 0x6f, 0x75, 0x74, 0x3d,
	0x0a, 0x0a, 0x5b, 0x4d, 0x75, 0x63, 0x68, 0x61, 0x44, 0x74, 0x4d, 0x6f, 0x64, 0x65, 0x43, 0x6f,
	0x6e, 0x66, 0x69, 0x67, 0x5d, 0x0a, 0x3b, 0x3b, 0x20, 0x4d, 0x55, 0x43, 0x48, 0x41, 0x20, 0xe3,
	0x83, 0x95, 0xe3, 0x82, 0xa1, 0xe3, 0x82, 0xa4, 0xe3, 0x83, 0xab, 0xe9, 0x85, 0x8d, 0xe4, 0xbf,
	0xa1, 0xe3, 0x83, 0xa2, 0xe3, 0x83, 0xbc, 0xe3, 0x83, 0x89, 0xe8, 0xa8, 0xad, 0xe5, 0xae, 0x9a,
	0x0a, 0x64, 0x74, 0x6d, 0x6f, 0x64, 0x65, 0x2d, 0x69, 0x6f, 0x5f, 0x64, 0x69, 0x72, 0x3d, 0x45,
	0x3a, 0x5c, 0x0a, 0x64, 0x74, 0x6d, 0x6f, 0x64, 0x65, 0x2d, 0x69, 0x6f, 0x5f, 0x66, 0x69, 0x6c,
	0x65, 0x3d, 0x57, 0x36, 0x52, 0x31, 0x30, 0x4a, 0x50, 0x4e, 0x0a, 0x64, 0x74, 0x6d, 0x6f, 0x64,
	0x65, 0x2d, 0x69, 0x6f, 0x5f, 0x63, 0x6f, 0x6e, 0x76, 0x3d, 0x44, 0x45, 0x43, 0x45, 0x58, 0x50,
	0x0a, 0x64, 0x74, 0x6d, 0x6f, 0x64, 0x65, 0x2d, 0x69, 0x6f, 0x5f, 0x70, 0x61, 0x73, 0x73, 0x70,
	0x68, 0x72, 0x61, 0x73, 0x65, 0x3d, 0x51, 0x78, 0x38, 0x68, 0x4a, 0x31, 0x4b, 0x69, 0x6c, 0x77,
	0x65, 0x41, 0x70, 0x35, 0x58, 0x6d, 0x0a, 0x64, 0x74, 0x6d, 0x6f, 0x64, 0x65, 0x2d, 0x69, 0x6f,
	0x5f, 0x65, 0x78, 0x74, 0x3d, 0x76, 0x68, 0x64, 0x0a
};


// 6R (Rev 2.03) AMConfig
static const unsigned char AMConfig_6R_03[] = {
	0x5B, 0x41, 0x4D, 0x55, 0x70, 0x64, 0x61, 0x74, 0x65, 0x72, 0x43, 0x6F, 0x6E, 0x66, 0x69, 0x67,
	0x5D, 0x20, 0x0D, 0x0A, 0x3B, 0x3B, 0x20, 0x41, 0x4D, 0x55, 0x70, 0x64, 0x61, 0x74, 0x65, 0x72,
	0x20, 0x88, 0xEA, 0x94, 0xCA, 0x90, 0xDD, 0x92, 0xE8, 0x0D, 0x0A, 0x61, 0x6D, 0x75, 0x63, 0x66,
	0x67, 0x2D, 0x74, 0x69, 0x74, 0x6C, 0x65, 0x3D, 0x98, 0x70, 0x8A, 0xDD, 0x83, 0x7E, 0x83, 0x62,
	0x83, 0x68, 0x83, 0x69, 0x83, 0x43, 0x83, 0x67, 0x20, 0x4D, 0x41, 0x58, 0x49, 0x4D, 0x55, 0x4D,
	0x20, 0x54, 0x55, 0x4E, 0x45, 0x20, 0x36, 0x52, 0x0D, 0x0A, 0x61, 0x6D, 0x75, 0x63, 0x66, 0x67,
	0x2D, 0x6C, 0x61, 0x6E, 0x67, 0x3D, 0x4A, 0x50, 0x0D, 0x0A, 0x61, 0x6D, 0x75, 0x63, 0x66, 0x67,
	0x2D, 0x63, 0x6F, 0x75, 0x6E, 0x74, 0x64, 0x6F, 0x77, 0x6E, 0x3D, 0x35, 0x0D, 0x0A, 0x61, 0x6D,
	0x75, 0x63, 0x66, 0x67, 0x2D, 0x68, 0x5F, 0x72, 0x65, 0x73, 0x6F, 0x6C, 0x3D, 0x31, 0x33, 0x36,
	0x30, 0x0D, 0x0A, 0x61, 0x6D, 0x75, 0x63, 0x66, 0x67, 0x2D, 0x76, 0x5F, 0x72, 0x65, 0x73, 0x6F,
	0x6C, 0x3D, 0x37, 0x36, 0x38, 0x0D, 0x0A, 0x61, 0x6D, 0x75, 0x63, 0x66, 0x67, 0x2D, 0x6C, 0x6F,
	0x67, 0x66, 0x69, 0x6C, 0x65, 0x3D, 0x2E, 0x5C, 0x61, 0x6D, 0x75, 0x70, 0x64, 0x61, 0x74, 0x65,
	0x72, 0x2E, 0x6C, 0x6F, 0x67, 0x0D, 0x0A, 0x61, 0x6D, 0x75, 0x63, 0x66, 0x67, 0x2D, 0x67, 0x61,
	0x6D, 0x65, 0x5F, 0x72, 0x65, 0x76, 0x3D, 0x32, 0x0D, 0x0A, 0x61, 0x6D, 0x75, 0x63, 0x66, 0x67,
	0x2D, 0x68, 0x5F, 0x6F, 0x66, 0x66, 0x73, 0x65, 0x74, 0x3D, 0x30, 0x0D, 0x0A, 0x61, 0x6D, 0x75,
	0x63, 0x66, 0x67, 0x2D, 0x76, 0x5F, 0x6F, 0x66, 0x66, 0x73, 0x65, 0x74, 0x3D, 0x30, 0x0D, 0x0A,
	0x0D, 0x0A, 0x5B, 0x41, 0x4D, 0x41, 0x75, 0x74, 0x68, 0x64, 0x43, 0x6F, 0x6E, 0x66, 0x69, 0x67,
	0x5D, 0x20, 0x0D, 0x0A, 0x3B, 0x3B, 0x20, 0x41, 0x4D, 0x41, 0x75, 0x74, 0x68, 0x64, 0x20, 0x88,
	0xEA, 0x94, 0xCA, 0x90, 0xDD, 0x92, 0xE8, 0x0D, 0x0A, 0x61, 0x6D, 0x64, 0x63, 0x66, 0x67, 0x2D,
	0x61, 0x75, 0x74, 0x68, 0x54, 0x79, 0x70, 0x65, 0x3D, 0x41, 0x4C, 0x4C, 0x2E, 0x4E, 0x45, 0x54,
	0x0D, 0x0A, 0x61, 0x6D, 0x64, 0x63, 0x66, 0x67, 0x2D, 0x73, 0x6C, 0x65, 0x65, 0x70, 0x54, 0x69,
	0x6D, 0x65, 0x3D, 0x35, 0x30, 0x0D, 0x0A, 0x61, 0x6D, 0x64, 0x63, 0x66, 0x67, 0x2D, 0x72, 0x65,
	0x73, 0x6F, 0x4E, 0x61, 0x6D, 0x65, 0x54, 0x69, 0x6D, 0x65, 0x6F, 0x75, 0x74, 0x3D, 0x31, 0x38,
	0x30, 0x0D, 0x0A, 0x61, 0x6D, 0x64, 0x63, 0x66, 0x67, 0x2D, 0x77, 0x72, 0x69, 0x74, 0x61, 0x62,
	0x6C, 0x65, 0x43, 0x6F, 0x6E, 0x66, 0x69, 0x67, 0x3D, 0x2E, 0x5C, 0x57, 0x72, 0x69, 0x74, 0x61,
	0x62, 0x6C, 0x65, 0x43, 0x6F, 0x6E, 0x66, 0x69, 0x67, 0x2E, 0x69, 0x6E, 0x69, 0x0D, 0x0A, 0x61,
	0x6D, 0x64, 0x63, 0x66, 0x67, 0x2D, 0x73, 0x68, 0x6F, 0x77, 0x43, 0x6F, 0x6E, 0x73, 0x6F, 0x6C,
	0x65, 0x3D, 0x45, 0x4E, 0x41, 0x42, 0x4C, 0x45, 0x0D, 0x0A, 0x61, 0x6D, 0x64, 0x63, 0x66, 0x67,
	0x2D, 0x6C, 0x6F, 0x67, 0x66, 0x69, 0x6C, 0x65, 0x3D, 0x0D, 0x0A, 0x61, 0x6D, 0x64, 0x63, 0x66,
	0x67, 0x2D, 0x65, 0x78, 0x70, 0x6F, 0x72, 0x74, 0x5F, 0x6C, 0x6F, 0x67, 0x3D, 0x0D, 0x0A, 0x0D,
	0x0A, 0x5B, 0x41, 0x6C, 0x6C, 0x6E, 0x65, 0x74, 0x43, 0x6F, 0x6E, 0x66, 0x69, 0x67, 0x5D, 0x20,
	0x0D, 0x0A, 0x3B, 0x3B, 0x20, 0x41, 0x4C, 0x4C, 0x2E, 0x4E, 0x65, 0x74, 0x20, 0x88, 0xEA, 0x94,
	0xCA, 0x90, 0xDD, 0x92, 0xE8, 0x0D, 0x0A, 0x61, 0x6C, 0x6C, 0x63, 0x66, 0x67, 0x2D, 0x67, 0x61,
	0x6D, 0x65, 0x49, 0x44, 0x3D, 0x53, 0x42, 0x57, 0x4A, 0x0D, 0x0A, 0x61, 0x6C, 0x6C, 0x63, 0x66,
	0x67, 0x2D, 0x67, 0x61, 0x6D, 0x65, 0x56, 0x65, 0x72, 0x3D, 0x31, 0x31, 0x2E, 0x30, 0x30, 0x0D,
	0x0A, 0x0D, 0x0A, 0x5B, 0x41, 0x6C, 0x6C, 0x6E, 0x65, 0x74, 0x4F, 0x70, 0x74, 0x69, 0x6F, 0x6E,
	0x52, 0x65, 0x76, 0x61, 0x6C, 0x54, 0x69, 0x6D, 0x65, 0x5D, 0x0D, 0x0A, 0x3B, 0x3B, 0x20, 0x41,
	0x4C, 0x4C, 0x2E, 0x4E, 0x65, 0x74, 0x20, 0x8D, 0xC4, 0x94, 0x46, 0x8F, 0xD8, 0x8E, 0x9E, 0x8D,
	0x8F, 0x90, 0xDD, 0x92, 0xE8, 0x0D, 0x0A, 0x61, 0x6C, 0x6C, 0x6F, 0x70, 0x74, 0x2D, 0x72, 0x65,
	0x76, 0x61, 0x6C, 0x5F, 0x68, 0x6F, 0x75, 0x72, 0x3D, 0x37, 0x0D, 0x0A, 0x61, 0x6C, 0x6C, 0x6F,
	0x70, 0x74, 0x2D, 0x72, 0x65, 0x76, 0x61, 0x6C, 0x5F, 0x6D, 0x69, 0x6E, 0x75, 0x74, 0x65, 0x3D,
	0x30, 0x0D, 0x0A, 0x61, 0x6C, 0x6C, 0x6F, 0x70, 0x74, 0x2D, 0x72, 0x65, 0x76, 0x61, 0x6C, 0x5F,
	0x73, 0x65, 0x63, 0x6F, 0x6E, 0x64, 0x3D, 0x30, 0x0D, 0x0A, 0x0D, 0x0A, 0x5B, 0x41, 0x6C, 0x6C,
	0x6E, 0x65, 0x74, 0x4F, 0x70, 0x74, 0x69, 0x6F, 0x6E, 0x54, 0x69, 0x6D, 0x65, 0x6F, 0x75, 0x74,
	0x5D, 0x0D, 0x0A, 0x3B, 0x3B, 0x20, 0x41, 0x4C, 0x4C, 0x2E, 0x4E, 0x65, 0x74, 0x20, 0x92, 0xCA,
	0x90, 0x4D, 0x83, 0x5E, 0x83, 0x43, 0x83, 0x80, 0x83, 0x41, 0x83, 0x45, 0x83, 0x67, 0x90, 0xDD,
	0x92, 0xE8, 0x0D, 0x0A, 0x61, 0x6C, 0x6C, 0x6F, 0x70, 0x74, 0x2D, 0x74, 0x69, 0x6D, 0x65, 0x6F,
	0x75, 0x74, 0x5F, 0x63, 0x6F, 0x6E, 0x6E, 0x65, 0x63, 0x74, 0x3D, 0x36, 0x30, 0x30, 0x30, 0x30,
	0x20, 0x20, 0x0D, 0x0A, 0x61, 0x6C, 0x6C, 0x6F, 0x70, 0x74, 0x2D, 0x74, 0x69, 0x6D, 0x65, 0x6F,
	0x75, 0x74, 0x5F, 0x73, 0x65, 0x6E, 0x64, 0x3D, 0x36, 0x30, 0x30, 0x30, 0x30, 0x0D, 0x0A, 0x61,
	0x6C, 0x6C, 0x6F, 0x70, 0x74, 0x2D, 0x74, 0x69, 0x6D, 0x65, 0x6F, 0x75, 0x74, 0x5F, 0x72, 0x65,
	0x63, 0x76, 0x3D, 0x36, 0x30, 0x30, 0x30, 0x30, 0x0D, 0x0A, 0x0D, 0x0A, 0x5B, 0x4D, 0x75, 0x63,
	0x68, 0x61, 0x41, 0x70, 0x70, 0x43, 0x6F, 0x6E, 0x66, 0x69, 0x67, 0x5D, 0x0D, 0x0A, 0x3B, 0x3B,
	0x20, 0x6D, 0x75, 0x63, 0x68, 0x61, 0x5F, 0x61, 0x70, 0x70, 0x20, 0x90, 0xDD, 0x92, 0xE8, 0x0D,
	0x0A, 0x61, 0x70, 0x70, 0x63, 0x66, 0x67, 0x2D, 0x6C, 0x6F, 0x67, 0x66, 0x69, 0x6C, 0x65, 0x3D,
	0x2E, 0x5C, 0x6D, 0x75, 0x63, 0x68, 0x61, 0x61, 0x70, 0x70, 0x2E, 0x6C, 0x6F, 0x67, 0x0D, 0x0A,
	0x61, 0x70, 0x70, 0x63, 0x66, 0x67, 0x2D, 0x6C, 0x6F, 0x67, 0x6C, 0x65, 0x76, 0x65, 0x6C, 0x3D,
	0x49, 0x4E, 0x46, 0x4F, 0x0D, 0x0A, 0x0D, 0x0A, 0x5B, 0x4D, 0x75, 0x63, 0x68, 0x61, 0x53, 0x79,
	0x73, 0x43, 0x6F, 0x6E, 0x66, 0x69, 0x67, 0x5D, 0x0D, 0x0A, 0x3B, 0x3B, 0x20, 0x4D, 0x55, 0x43,
	0x48, 0x41, 0x20, 0x83, 0x56, 0x83, 0x58, 0x83, 0x65, 0x83, 0x80, 0x90, 0xDD, 0x92, 0xE8, 0x0D,
	0x0A, 0x73, 0x79, 0x73, 0x63, 0x66, 0x67, 0x2D, 0x64, 0x61, 0x65, 0x6D, 0x6F, 0x6E, 0x5F, 0x65,
	0x78, 0x65, 0x3D, 0x2E, 0x5C, 0x4D, 0x75, 0x63, 0x68, 0x61, 0x42, 0x69, 0x6E, 0x5C, 0x6D, 0x75,
	0x63, 0x68, 0x61, 0x63, 0x64, 0x2E, 0x65, 0x78, 0x65, 0x0D, 0x0A, 0x73, 0x79, 0x73, 0x63, 0x66,
	0x67, 0x2D, 0x64, 0x61, 0x65, 0x6D, 0x6F, 0x6E, 0x5F, 0x70, 0x69, 0x64, 0x66, 0x69, 0x6C, 0x65,
	0x3D, 0x2E, 0x5C, 0x6D, 0x75, 0x63, 0x68, 0x61, 0x63, 0x64, 0x2E, 0x70, 0x69, 0x64, 0x0D, 0x0A,
	0x73, 0x79, 0x73, 0x63, 0x66, 0x67, 0x2D, 0x64, 0x61, 0x65, 0x6D, 0x6F, 0x6E, 0x5F, 0x6C, 0x6F,
	0x67, 0x66, 0x69, 0x6C, 0x65, 0x3D, 0x2E, 0x5C, 0x6D, 0x75, 0x63, 0x68, 0x61, 0x63, 0x64, 0x2E,
	0x6C, 0x6F, 0x67, 0x0D, 0x0A, 0x73, 0x79, 0x73, 0x63, 0x66, 0x67, 0x2D, 0x64, 0x61, 0x65, 0x6D,
	0x6F, 0x6E, 0x5F, 0x6C, 0x6F, 0x67, 0x6C, 0x65, 0x76, 0x65, 0x6C, 0x3D, 0x49, 0x4E, 0x46, 0x4F,
	0x0D, 0x0A, 0x73, 0x79, 0x73, 0x63, 0x66, 0x67, 0x2D, 0x64, 0x61, 0x65, 0x6D, 0x6F, 0x6E, 0x5F,
	0x6C, 0x69, 0x73, 0x74, 0x65, 0x6E, 0x3D, 0x74, 0x63, 0x70, 0x3A, 0x30, 0x2E, 0x30, 0x2E, 0x30,
	0x2E, 0x30, 0x3A, 0x31, 0x32, 0x33, 0x34, 0x35, 0x0D, 0x0A, 0x73, 0x79, 0x73, 0x63, 0x66, 0x67,
	0x2D, 0x63, 0x6C, 0x69, 0x65, 0x6E, 0x74, 0x5F, 0x63, 0x6F, 0x6E, 0x6E, 0x65, 0x63, 0x74, 0x3D,
	0x74, 0x63, 0x70, 0x3A, 0x31, 0x32, 0x37, 0x2E, 0x30, 0x2E, 0x30, 0x2E, 0x31, 0x3A, 0x31, 0x32,
	0x33, 0x34, 0x35, 0x0D, 0x0A, 0x0D, 0x0A, 0x5B, 0x4D, 0x75, 0x63, 0x68, 0x61, 0x43, 0x41, 0x43,
	0x6F, 0x6E, 0x66, 0x69, 0x67, 0x5D, 0x0D, 0x0A, 0x3B, 0x3B, 0x20, 0x4D, 0x55, 0x43, 0x48, 0x41,
	0x20, 0x94, 0x46, 0x8F, 0xD8, 0x90, 0xDD, 0x92, 0xE8, 0x0D, 0x0A, 0x63, 0x61, 0x63, 0x66, 0x67,
	0x2D, 0x67, 0x61, 0x6D, 0x65, 0x5F, 0x63, 0x64, 0x3D, 0x57, 0x36, 0x52, 0x31, 0x0D, 0x0A, 0x63,
	0x61, 0x63, 0x66, 0x67, 0x2D, 0x67, 0x61, 0x6D, 0x65, 0x5F, 0x76, 0x65, 0x72, 0x3D, 0x30, 0x33,
	0x2E, 0x30, 0x31, 0x0D, 0x0A, 0x63, 0x61, 0x63, 0x66, 0x67, 0x2D, 0x67, 0x61, 0x6D, 0x65, 0x5F,
	0x62, 0x6F, 0x61, 0x72, 0x64, 0x5F, 0x74, 0x79, 0x70, 0x65, 0x3D, 0x30, 0x0D, 0x0A, 0x63, 0x61,
	0x63, 0x66, 0x67, 0x2D, 0x67, 0x61, 0x6D, 0x65, 0x5F, 0x62, 0x6F, 0x61, 0x72, 0x64, 0x5F, 0x69,
	0x64, 0x3D, 0x57, 0x36, 0x52, 0x0D, 0x0A, 0x63, 0x61, 0x63, 0x66, 0x67, 0x2D, 0x61, 0x75, 0x74,
	0x68, 0x5F, 0x73, 0x65, 0x72, 0x76, 0x65, 0x72, 0x5F, 0x75, 0x72, 0x6C, 0x3D, 0x68, 0x74, 0x74,
	0x70, 0x73, 0x3A, 0x2F, 0x2F, 0x30, 0x2E, 0x30, 0x2E, 0x30, 0x2E, 0x30, 0x3A, 0x31, 0x30, 0x30,
	0x38, 0x32, 0x2F, 0x0D, 0x0A, 0x63, 0x61, 0x63, 0x66, 0x67, 0x2D, 0x61, 0x75, 0x74, 0x68, 0x5F,
	0x73, 0x65, 0x72, 0x76, 0x65, 0x72, 0x5F, 0x73, 0x73, 0x6C, 0x76, 0x65, 0x72, 0x69, 0x66, 0x79,
	0x3D, 0x30, 0x0D, 0x0A, 0x63, 0x61, 0x63, 0x66, 0x67, 0x2D, 0x61, 0x75, 0x74, 0x68, 0x5F, 0x73,
	0x65, 0x72, 0x76, 0x65, 0x72, 0x5F, 0x73, 0x73, 0x6C, 0x63, 0x61, 0x66, 0x69, 0x6C, 0x65, 0x3D,
	0x2E, 0x5C, 0x66, 0x72, 0x6F, 0x6E, 0x74, 0x2E, 0x6D, 0x75, 0x63, 0x68, 0x61, 0x2D, 0x70, 0x72,
	0x64, 0x2E, 0x6E, 0x62, 0x67, 0x69, 0x2D, 0x61, 0x6D, 0x6E, 0x65, 0x74, 0x2E, 0x6A, 0x70, 0x2E,
	0x63, 0x61, 0x63, 0x65, 0x72, 0x74, 0x2E, 0x70, 0x65, 0x6D, 0x0D, 0x0A, 0x63, 0x61, 0x63, 0x66,
	0x67, 0x2D, 0x61, 0x75, 0x74, 0x68, 0x5F, 0x73, 0x65, 0x72, 0x76, 0x65, 0x72, 0x5F, 0x74, 0x69,
	0x6D, 0x65, 0x6F, 0x75, 0x74, 0x3D, 0x33, 0x30, 0x30, 0x0D, 0x0A, 0x63, 0x61, 0x63, 0x66, 0x67,
	0x2D, 0x69, 0x6E, 0x74, 0x65, 0x72, 0x76, 0x61, 0x6C, 0x5F, 0x61, 0x69, 0x6E, 0x66, 0x6F, 0x5F,
	0x72, 0x65, 0x6E, 0x65, 0x77, 0x3D, 0x31, 0x38, 0x30, 0x30, 0x0D, 0x0A, 0x63, 0x61, 0x63, 0x66,
	0x67, 0x2D, 0x69, 0x6E, 0x74, 0x65, 0x72, 0x76, 0x61, 0x6C, 0x5F, 0x61, 0x69, 0x6E, 0x66, 0x6F,
	0x5F, 0x72, 0x65, 0x74, 0x72, 0x79, 0x3D, 0x36, 0x30, 0x0D, 0x0A, 0x0D, 0x0A, 0x5B, 0x4D, 0x75,
	0x63, 0x68, 0x61, 0x44, 0x74, 0x43, 0x6F, 0x6E, 0x66, 0x69, 0x67, 0x5D, 0x0D, 0x0A, 0x3B, 0x3B,
	0x20, 0x4D, 0x55, 0x43, 0x48, 0x41, 0x20, 0x83, 0x74, 0x83, 0x40, 0x83, 0x43, 0x83, 0x8B, 0x94,
	0x7A, 0x90, 0x4D, 0x20, 0x28, 0x44, 0x54, 0x29, 0x20, 0x90, 0xDD, 0x92, 0xE8, 0x0D, 0x0A, 0x64,
	0x74, 0x63, 0x66, 0x67, 0x2D, 0x64, 0x6C, 0x5F, 0x70, 0x72, 0x6F, 0x64, 0x75, 0x63, 0x74, 0x5F,
	0x69, 0x64, 0x3D, 0x30, 0x78, 0x35, 0x37, 0x33, 0x36, 0x35, 0x32, 0x33, 0x31, 0x0D, 0x0A, 0x64,
	0x74, 0x63, 0x66, 0x67, 0x2D, 0x64, 0x6C, 0x5F, 0x63, 0x68, 0x75, 0x6E, 0x6B, 0x5F, 0x73, 0x69,
	0x7A, 0x65, 0x3D, 0x30, 0x78, 0x31, 0x30, 0x30, 0x30, 0x30, 0x0D, 0x0A, 0x64, 0x74, 0x63, 0x66,
	0x67, 0x2D, 0x64, 0x6C, 0x5F, 0x69, 0x6D, 0x61, 0x67, 0x65, 0x5F, 0x70, 0x61, 0x74, 0x68, 0x3D,
	0x2E, 0x5C, 0x64, 0x6C, 0x5F, 0x69, 0x6D, 0x61, 0x67, 0x65, 0x0D, 0x0A, 0x64, 0x74, 0x63, 0x66,
	0x67, 0x2D, 0x64, 0x6C, 0x5F, 0x69, 0x6D, 0x61, 0x67, 0x65, 0x5F, 0x73, 0x69, 0x7A, 0x65, 0x3D,
	0x30, 0x0D, 0x0A, 0x64, 0x74, 0x63, 0x66, 0x67, 0x2D, 0x64, 0x6C, 0x5F, 0x69, 0x6D, 0x61, 0x67,
	0x65, 0x5F, 0x74, 0x79, 0x70, 0x65, 0x3D, 0x52, 0x41, 0x57, 0x0D, 0x0A, 0x64, 0x74, 0x63, 0x66,
	0x67, 0x2D, 0x64, 0x6C, 0x5F, 0x69, 0x6D, 0x61, 0x67, 0x65, 0x5F, 0x63, 0x72, 0x79, 0x70, 0x74,
	0x5F, 0x6B, 0x65, 0x79, 0x3D, 0x30, 0x78, 0x64, 0x64, 0x31, 0x34, 0x39, 0x61, 0x62, 0x61, 0x0D,
	0x0A, 0x64, 0x74, 0x63, 0x66, 0x67, 0x2D, 0x64, 0x6C, 0x5F, 0x6C, 0x6F, 0x67, 0x5F, 0x6C, 0x65,
	0x76, 0x65, 0x6C, 0x3D, 0x49, 0x4E, 0x46, 0x4F, 0x0D, 0x0A, 0x64, 0x74, 0x63, 0x66, 0x67, 0x2D,
	0x64, 0x6C, 0x5F, 0x6C, 0x61, 0x6E, 0x5F, 0x63, 0x72, 0x79, 0x70, 0x74, 0x5F, 0x6B, 0x65, 0x79,
	0x3D, 0x30, 0x78, 0x62, 0x39, 0x34, 0x62, 0x61, 0x39, 0x66, 0x64, 0x31, 0x35, 0x32, 0x35, 0x38,
	0x62, 0x63, 0x62, 0x0D, 0x0A, 0x64, 0x74, 0x63, 0x66, 0x67, 0x2D, 0x64, 0x6C, 0x5F, 0x6C, 0x61,
	0x6E, 0x5F, 0x62, 0x72, 0x6F, 0x61, 0x64, 0x63, 0x61, 0x73, 0x74, 0x5F, 0x69, 0x6E, 0x74, 0x65,
	0x72, 0x76, 0x61, 0x6C, 0x3D, 0x31, 0x30, 0x30, 0x30, 0x0D, 0x0A, 0x64, 0x74, 0x63, 0x66, 0x67,
	0x2D, 0x64, 0x6C, 0x5F, 0x6C, 0x61, 0x6E, 0x5F, 0x75, 0x64, 0x70, 0x5F, 0x70, 0x6F, 0x72, 0x74,
	0x3D, 0x39, 0x38, 0x34, 0x32, 0x0D, 0x0A, 0x64, 0x74, 0x63, 0x66, 0x67, 0x2D, 0x64, 0x6C, 0x5F,
	0x6C, 0x61, 0x6E, 0x5F, 0x62, 0x61, 0x6E, 0x64, 0x77, 0x69, 0x64, 0x74, 0x68, 0x5F, 0x6C, 0x69,
	0x6D, 0x69, 0x74, 0x3D, 0x30, 0x0D, 0x0A, 0x64, 0x74, 0x63, 0x66, 0x67, 0x2D, 0x64, 0x6C, 0x5F,
	0x6C, 0x61, 0x6E, 0x5F, 0x62, 0x72, 0x6F, 0x61, 0x64, 0x63, 0x61, 0x73, 0x74, 0x5F, 0x61, 0x64,
	0x64, 0x72, 0x65, 0x73, 0x73, 0x3D, 0x30, 0x2E, 0x30, 0x2E, 0x30, 0x2E, 0x30, 0x0D, 0x0A, 0x64,
	0x74, 0x63, 0x66, 0x67, 0x2D, 0x64, 0x6C, 0x5F, 0x77, 0x61, 0x6E, 0x5F, 0x72, 0x65, 0x74, 0x72,
	0x79, 0x5F, 0x6C, 0x69, 0x6D, 0x69, 0x74, 0x3D, 0x0D, 0x0A, 0x64, 0x74, 0x63, 0x66, 0x67, 0x2D,
	0x64, 0x6C, 0x5F, 0x77, 0x61, 0x6E, 0x5F, 0x72, 0x65, 0x74, 0x72, 0x79, 0x5F, 0x69, 0x6E, 0x74,
	0x65, 0x72, 0x76, 0x61, 0x6C, 0x3D, 0x0D, 0x0A, 0x64, 0x74, 0x63, 0x66, 0x67, 0x2D, 0x64, 0x6C,
	0x5F, 0x77, 0x61, 0x6E, 0x5F, 0x73, 0x65, 0x6E, 0x64, 0x5F, 0x74, 0x69, 0x6D, 0x65, 0x6F, 0x75,
	0x74, 0x3D, 0x0D, 0x0A, 0x64, 0x74, 0x63, 0x66, 0x67, 0x2D, 0x64, 0x6C, 0x5F, 0x77, 0x61, 0x6E,
	0x5F, 0x72, 0x65, 0x63, 0x76, 0x5F, 0x74, 0x69, 0x6D, 0x65, 0x6F, 0x75, 0x74, 0x3D, 0x0D, 0x0A,
	0x64, 0x74, 0x63, 0x66, 0x67, 0x2D, 0x64, 0x6C, 0x5F, 0x6C, 0x61, 0x6E, 0x5F, 0x72, 0x65, 0x74,
	0x72, 0x79, 0x5F, 0x6C, 0x69, 0x6D, 0x69, 0x74, 0x3D, 0x0D, 0x0A, 0x64, 0x74, 0x63, 0x66, 0x67,
	0x2D, 0x64, 0x6C, 0x5F, 0x6C, 0x61, 0x6E, 0x5F, 0x72, 0x65, 0x74, 0x72, 0x79, 0x5F, 0x69, 0x6E,
	0x74, 0x65, 0x72, 0x76, 0x61, 0x6C, 0x3D, 0x0D, 0x0A, 0x64, 0x74, 0x63, 0x66, 0x67, 0x2D, 0x64,
	0x6C, 0x5F, 0x6C, 0x61, 0x6E, 0x5F, 0x73, 0x65, 0x6E, 0x64, 0x5F, 0x74, 0x69, 0x6D, 0x65, 0x6F,
	0x75, 0x74, 0x3D, 0x0D, 0x0A, 0x64, 0x74, 0x63, 0x66, 0x67, 0x2D, 0x64, 0x6C, 0x5F, 0x6C, 0x61,
	0x6E, 0x5F, 0x72, 0x65, 0x63, 0x76, 0x5F, 0x74, 0x69, 0x6D, 0x65, 0x6F, 0x75, 0x74, 0x3D, 0x0D,
	0x0A, 0x0D, 0x0A, 0x5B, 0x4D, 0x75, 0x63, 0x68, 0x61, 0x44, 0x74, 0x4D, 0x6F, 0x64, 0x65, 0x43,
	0x6F, 0x6E, 0x66, 0x69, 0x67, 0x5D, 0x0D, 0x0A, 0x3B, 0x3B, 0x20, 0x4D, 0x55, 0x43, 0x48, 0x41,
	0x20, 0x83, 0x74, 0x83, 0x40, 0x83, 0x43, 0x83, 0x8B, 0x94, 0x7A, 0x90, 0x4D, 0x83, 0x82, 0x81,
	0x5B, 0x83, 0x68, 0x90, 0xDD, 0x92, 0xE8, 0x0D, 0x0A, 0x64, 0x74, 0x6D, 0x6F, 0x64, 0x65, 0x2D,
	0x69, 0x6F, 0x5F, 0x64, 0x69, 0x72, 0x3D, 0x2E, 0x5C, 0x0D, 0x0A, 0x64, 0x74, 0x6D, 0x6F, 0x64,
	0x65, 0x2D, 0x69, 0x6F, 0x5F, 0x66, 0x69, 0x6C, 0x65, 0x3D, 0x57, 0x36, 0x52, 0x31, 0x30, 0x4A,
	0x50, 0x4E, 0x0D, 0x0A, 0x64, 0x74, 0x6D, 0x6F, 0x64, 0x65, 0x2D, 0x69, 0x6F, 0x5F, 0x63, 0x6F,
	0x6E, 0x76, 0x3D, 0x44, 0x45, 0x43, 0x45, 0x58, 0x50, 0x0D, 0x0A, 0x64, 0x74, 0x6D, 0x6F, 0x64,
	0x65, 0x2D, 0x69, 0x6F, 0x5F, 0x70, 0x61, 0x73, 0x73, 0x70, 0x68, 0x72, 0x61, 0x73, 0x65, 0x3D,
	0x51, 0x78, 0x38, 0x68, 0x4A, 0x31, 0x4B, 0x69, 0x6C, 0x77, 0x65, 0x41, 0x70, 0x35, 0x58, 0x6D,
	0x0D, 0x0A, 0x64, 0x74, 0x6D, 0x6F, 0x64, 0x65, 0x2D, 0x69, 0x6F, 0x5F, 0x65, 0x78, 0x74, 0x3D,
	0x76, 0x68, 0x64, 0x0D, 0x0A
};


// 6RR AMConfig
static const unsigned char AMConfig_6RR[] = {
	0x5B, 0x41, 0x4D, 0x55, 0x70, 0x64, 0x61, 0x74, 0x65, 0x72, 0x43, 0x6F, 0x6E, 0x66, 0x69, 0x67,
	0x5D, 0x20, 0x0D, 0x0A, 0x3B, 0x3B, 0x20, 0x41, 0x4D, 0x55, 0x70, 0x64, 0x61, 0x74, 0x65, 0x72,
	0x20, 0x88, 0xEA, 0x94, 0xCA, 0x90, 0xDD, 0x92, 0xE8, 0x0D, 0x0A, 0x61, 0x6D, 0x75, 0x63, 0x66,
	0x67, 0x2D, 0x74, 0x69, 0x74, 0x6C, 0x65, 0x3D, 0x98, 0x70, 0x8A, 0xDD, 0x83, 0x7E, 0x83, 0x62,
	0x83, 0x68, 0x83, 0x69, 0x83, 0x43, 0x83, 0x67, 0x20, 0x4D, 0x41, 0x58, 0x49, 0x4D, 0x55, 0x4D,
	0x20, 0x54, 0x55, 0x4E, 0x45, 0x20, 0x36, 0x52, 0x52, 0x0D, 0x0A, 0x61, 0x6D, 0x75, 0x63, 0x66,
	0x67, 0x2D, 0x6C, 0x61, 0x6E, 0x67, 0x3D, 0x4A, 0x50, 0x0D, 0x0A, 0x61, 0x6D, 0x75, 0x63, 0x66,
	0x67, 0x2D, 0x63, 0x6F, 0x75, 0x6E, 0x74, 0x64, 0x6F, 0x77, 0x6E, 0x3D, 0x35, 0x0D, 0x0A, 0x61,
	0x6D, 0x75, 0x63, 0x66, 0x67, 0x2D, 0x68, 0x5F, 0x72, 0x65, 0x73, 0x6F, 0x6C, 0x3D, 0x31, 0x33,
	0x36, 0x30, 0x0D, 0x0A, 0x61, 0x6D, 0x75, 0x63, 0x66, 0x67, 0x2D, 0x76, 0x5F, 0x72, 0x65, 0x73,
	0x6F, 0x6C, 0x3D, 0x37, 0x36, 0x38, 0x0D, 0x0A, 0x61, 0x6D, 0x75, 0x63, 0x66, 0x67, 0x2D, 0x6C,
	0x6F, 0x67, 0x66, 0x69, 0x6C, 0x65, 0x3D, 0x2E, 0x5C, 0x61, 0x6D, 0x75, 0x70, 0x64, 0x61, 0x74,
	0x65, 0x72, 0x2E, 0x6C, 0x6F, 0x67, 0x0D, 0x0A, 0x61, 0x6D, 0x75, 0x63, 0x66, 0x67, 0x2D, 0x67,
	0x61, 0x6D, 0x65, 0x5F, 0x72, 0x65, 0x76, 0x3D, 0x33, 0x0D, 0x0A, 0x61, 0x6D, 0x75, 0x63, 0x66,
	0x67, 0x2D, 0x68, 0x5F, 0x6F, 0x66, 0x66, 0x73, 0x65, 0x74, 0x3D, 0x30, 0x0D, 0x0A, 0x61, 0x6D,
	0x75, 0x63, 0x66, 0x67, 0x2D, 0x76, 0x5F, 0x6F, 0x66, 0x66, 0x73, 0x65, 0x74, 0x3D, 0x30, 0x0D,
	0x0A, 0x0D, 0x0A, 0x5B, 0x41, 0x4D, 0x41, 0x75, 0x74, 0x68, 0x64, 0x43, 0x6F, 0x6E, 0x66, 0x69,
	0x67, 0x5D, 0x20, 0x0D, 0x0A, 0x3B, 0x3B, 0x20, 0x41, 0x4D, 0x41, 0x75, 0x74, 0x68, 0x64, 0x20,
	0x88, 0xEA, 0x94, 0xCA, 0x90, 0xDD, 0x92, 0xE8, 0x0D, 0x0A, 0x61, 0x6D, 0x64, 0x63, 0x66, 0x67,
	0x2D, 0x61, 0x75, 0x74, 0x68, 0x54, 0x79, 0x70, 0x65, 0x3D, 0x41, 0x4C, 0x4C, 0x2E, 0x4E, 0x45,
	0x54, 0x0D, 0x0A, 0x61, 0x6D, 0x64, 0x63, 0x66, 0x67, 0x2D, 0x73, 0x6C, 0x65, 0x65, 0x70, 0x54,
	0x69, 0x6D, 0x65, 0x3D, 0x35, 0x30, 0x0D, 0x0A, 0x61, 0x6D, 0x64, 0x63, 0x66, 0x67, 0x2D, 0x72,
	0x65, 0x73, 0x6F, 0x4E, 0x61, 0x6D, 0x65, 0x54, 0x69, 0x6D, 0x65, 0x6F, 0x75, 0x74, 0x3D, 0x31,
	0x38, 0x30, 0x0D, 0x0A, 0x61, 0x6D, 0x64, 0x63, 0x66, 0x67, 0x2D, 0x77, 0x72, 0x69, 0x74, 0x61,
	0x62, 0x6C, 0x65, 0x43, 0x6F, 0x6E, 0x66, 0x69, 0x67, 0x3D, 0x2E, 0x5C, 0x57, 0x72, 0x69, 0x74,
	0x61, 0x62, 0x6C, 0x65, 0x43, 0x6F, 0x6E, 0x66, 0x69, 0x67, 0x2E, 0x69, 0x6E, 0x69, 0x0D, 0x0A,
	0x61, 0x6D, 0x64, 0x63, 0x66, 0x67, 0x2D, 0x73, 0x68, 0x6F, 0x77, 0x43, 0x6F, 0x6E, 0x73, 0x6F,
	0x6C, 0x65, 0x3D, 0x45, 0x4E, 0x41, 0x42, 0x4C, 0x45, 0x0D, 0x0A, 0x61, 0x6D, 0x64, 0x63, 0x66,
	0x67, 0x2D, 0x6C, 0x6F, 0x67, 0x66, 0x69, 0x6C, 0x65, 0x3D, 0x0D, 0x0A, 0x61, 0x6D, 0x64, 0x63,
	0x66, 0x67, 0x2D, 0x65, 0x78, 0x70, 0x6F, 0x72, 0x74, 0x5F, 0x6C, 0x6F, 0x67, 0x3D, 0x0D, 0x0A,
	0x0D, 0x0A, 0x5B, 0x41, 0x6C, 0x6C, 0x6E, 0x65, 0x74, 0x43, 0x6F, 0x6E, 0x66, 0x69, 0x67, 0x5D,
	0x20, 0x0D, 0x0A, 0x3B, 0x3B, 0x20, 0x41, 0x4C, 0x4C, 0x2E, 0x4E, 0x65, 0x74, 0x20, 0x88, 0xEA,
	0x94, 0xCA, 0x90, 0xDD, 0x92, 0xE8, 0x0D, 0x0A, 0x61, 0x6C, 0x6C, 0x63, 0x66, 0x67, 0x2D, 0x67,
	0x61, 0x6D, 0x65, 0x49, 0x44, 0x3D, 0x53, 0x42, 0x57, 0x4A, 0x0D, 0x0A, 0x61, 0x6C, 0x6C, 0x63,
	0x66, 0x67, 0x2D, 0x67, 0x61, 0x6D, 0x65, 0x56, 0x65, 0x72, 0x3D, 0x31, 0x33, 0x2E, 0x30, 0x30,
	0x0D, 0x0A, 0x0D, 0x0A, 0x5B, 0x41, 0x6C, 0x6C, 0x6E, 0x65, 0x74, 0x4F, 0x70, 0x74, 0x69, 0x6F,
	0x6E, 0x52, 0x65, 0x76, 0x61, 0x6C, 0x54, 0x69, 0x6D, 0x65, 0x5D, 0x0D, 0x0A, 0x3B, 0x3B, 0x20,
	0x41, 0x4C, 0x4C, 0x2E, 0x4E, 0x65, 0x74, 0x20, 0x8D, 0xC4, 0x94, 0x46, 0x8F, 0xD8, 0x8E, 0x9E,
	0x8D, 0x8F, 0x90, 0xDD, 0x92, 0xE8, 0x0D, 0x0A, 0x61, 0x6C, 0x6C, 0x6F, 0x70, 0x74, 0x2D, 0x72,
	0x65, 0x76, 0x61, 0x6C, 0x5F, 0x68, 0x6F, 0x75, 0x72, 0x3D, 0x37, 0x0D, 0x0A, 0x61, 0x6C, 0x6C,
	0x6F, 0x70, 0x74, 0x2D, 0x72, 0x65, 0x76, 0x61, 0x6C, 0x5F, 0x6D, 0x69, 0x6E, 0x75, 0x74, 0x65,
	0x3D, 0x30, 0x0D, 0x0A, 0x61, 0x6C, 0x6C, 0x6F, 0x70, 0x74, 0x2D, 0x72, 0x65, 0x76, 0x61, 0x6C,
	0x5F, 0x73, 0x65, 0x63, 0x6F, 0x6E, 0x64, 0x3D, 0x30, 0x0D, 0x0A, 0x0D, 0x0A, 0x5B, 0x41, 0x6C,
	0x6C, 0x6E, 0x65, 0x74, 0x4F, 0x70, 0x74, 0x69, 0x6F, 0x6E, 0x54, 0x69, 0x6D, 0x65, 0x6F, 0x75,
	0x74, 0x5D, 0x0D, 0x0A, 0x3B, 0x3B, 0x20, 0x41, 0x4C, 0x4C, 0x2E, 0x4E, 0x65, 0x74, 0x20, 0x92,
	0xCA, 0x90, 0x4D, 0x83, 0x5E, 0x83, 0x43, 0x83, 0x80, 0x83, 0x41, 0x83, 0x45, 0x83, 0x67, 0x90,
	0xDD, 0x92, 0xE8, 0x0D, 0x0A, 0x61, 0x6C, 0x6C, 0x6F, 0x70, 0x74, 0x2D, 0x74, 0x69, 0x6D, 0x65,
	0x6F, 0x75, 0x74, 0x5F, 0x63, 0x6F, 0x6E, 0x6E, 0x65, 0x63, 0x74, 0x3D, 0x36, 0x30, 0x30, 0x30,
	0x30, 0x20, 0x20, 0x0D, 0x0A, 0x61, 0x6C, 0x6C, 0x6F, 0x70, 0x74, 0x2D, 0x74, 0x69, 0x6D, 0x65,
	0x6F, 0x75, 0x74, 0x5F, 0x73, 0x65, 0x6E, 0x64, 0x3D, 0x36, 0x30, 0x30, 0x30, 0x30, 0x0D, 0x0A,
	0x61, 0x6C, 0x6C, 0x6F, 0x70, 0x74, 0x2D, 0x74, 0x69, 0x6D, 0x65, 0x6F, 0x75, 0x74, 0x5F, 0x72,
	0x65, 0x63, 0x76, 0x3D, 0x36, 0x30, 0x30, 0x30, 0x30, 0x0D, 0x0A, 0x0D, 0x0A, 0x5B, 0x4D, 0x75,
	0x63, 0x68, 0x61, 0x41, 0x70, 0x70, 0x43, 0x6F, 0x6E, 0x66, 0x69, 0x67, 0x5D, 0x0D, 0x0A, 0x3B,
	0x3B, 0x20, 0x6D, 0x75, 0x63, 0x68, 0x61, 0x5F, 0x61, 0x70, 0x70, 0x20, 0x90, 0xDD, 0x92, 0xE8,
	0x0D, 0x0A, 0x61, 0x70, 0x70, 0x63, 0x66, 0x67, 0x2D, 0x6C, 0x6F, 0x67, 0x66, 0x69, 0x6C, 0x65,
	0x3D, 0x2E, 0x5C, 0x6D, 0x75, 0x63, 0x68, 0x61, 0x61, 0x70, 0x70, 0x2E, 0x6C, 0x6F, 0x67, 0x0D,
	0x0A, 0x61, 0x70, 0x70, 0x63, 0x66, 0x67, 0x2D, 0x6C, 0x6F, 0x67, 0x6C, 0x65, 0x76, 0x65, 0x6C,
	0x3D, 0x49, 0x4E, 0x46, 0x4F, 0x0D, 0x0A, 0x0D, 0x0A, 0x5B, 0x4D, 0x75, 0x63, 0x68, 0x61, 0x53,
	0x79, 0x73, 0x43, 0x6F, 0x6E, 0x66, 0x69, 0x67, 0x5D, 0x0D, 0x0A, 0x3B, 0x3B, 0x20, 0x4D, 0x55,
	0x43, 0x48, 0x41, 0x20, 0x83, 0x56, 0x83, 0x58, 0x83, 0x65, 0x83, 0x80, 0x90, 0xDD, 0x92, 0xE8,
	0x0D, 0x0A, 0x73, 0x79, 0x73, 0x63, 0x66, 0x67, 0x2D, 0x64, 0x61, 0x65, 0x6D, 0x6F, 0x6E, 0x5F,
	0x65, 0x78, 0x65, 0x3D, 0x2E, 0x5C, 0x4D, 0x75, 0x63, 0x68, 0x61, 0x42, 0x69, 0x6E, 0x5C, 0x6D,
	0x75, 0x63, 0x68, 0x61, 0x63, 0x64, 0x2E, 0x65, 0x78, 0x65, 0x0D, 0x0A, 0x73, 0x79, 0x73, 0x63,
	0x66, 0x67, 0x2D, 0x64, 0x61, 0x65, 0x6D, 0x6F, 0x6E, 0x5F, 0x70, 0x69, 0x64, 0x66, 0x69, 0x6C,
	0x65, 0x3D, 0x2E, 0x5C, 0x6D, 0x75, 0x63, 0x68, 0x61, 0x63, 0x64, 0x2E, 0x70, 0x69, 0x64, 0x0D,
	0x0A, 0x73, 0x79, 0x73, 0x63, 0x66, 0x67, 0x2D, 0x64, 0x61, 0x65, 0x6D, 0x6F, 0x6E, 0x5F, 0x6C,
	0x6F, 0x67, 0x66, 0x69, 0x6C, 0x65, 0x3D, 0x2E, 0x5C, 0x6D, 0x75, 0x63, 0x68, 0x61, 0x63, 0x64,
	0x2E, 0x6C, 0x6F, 0x67, 0x0D, 0x0A, 0x73, 0x79, 0x73, 0x63, 0x66, 0x67, 0x2D, 0x64, 0x61, 0x65,
	0x6D, 0x6F, 0x6E, 0x5F, 0x6C, 0x6F, 0x67, 0x6C, 0x65, 0x76, 0x65, 0x6C, 0x3D, 0x49, 0x4E, 0x46,
	0x4F, 0x0D, 0x0A, 0x73, 0x79, 0x73, 0x63, 0x66, 0x67, 0x2D, 0x64, 0x61, 0x65, 0x6D, 0x6F, 0x6E,
	0x5F, 0x6C, 0x69, 0x73, 0x74, 0x65, 0x6E, 0x3D, 0x74, 0x63, 0x70, 0x3A, 0x30, 0x2E, 0x30, 0x2E,
	0x30, 0x2E, 0x30, 0x3A, 0x31, 0x32, 0x33, 0x34, 0x35, 0x0D, 0x0A, 0x73, 0x79, 0x73, 0x63, 0x66,
	0x67, 0x2D, 0x63, 0x6C, 0x69, 0x65, 0x6E, 0x74, 0x5F, 0x63, 0x6F, 0x6E, 0x6E, 0x65, 0x63, 0x74,
	0x3D, 0x74, 0x63, 0x70, 0x3A, 0x31, 0x32, 0x37, 0x2E, 0x30, 0x2E, 0x30, 0x2E, 0x31, 0x3A, 0x31,
	0x32, 0x33, 0x34, 0x35, 0x0D, 0x0A, 0x0D, 0x0A, 0x5B, 0x4D, 0x75, 0x63, 0x68, 0x61, 0x43, 0x41,
	0x43, 0x6F, 0x6E, 0x66, 0x69, 0x67, 0x5D, 0x0D, 0x0A, 0x3B, 0x3B, 0x20, 0x4D, 0x55, 0x43, 0x48,
	0x41, 0x20, 0x94, 0x46, 0x8F, 0xD8, 0x90, 0xDD, 0x92, 0xE8, 0x0D, 0x0A, 0x63, 0x61, 0x63, 0x66,
	0x67, 0x2D, 0x67, 0x61, 0x6D, 0x65, 0x5F, 0x63, 0x64, 0x3D, 0x57, 0x36, 0x57, 0x31, 0x0D, 0x0A,
	0x63, 0x61, 0x63, 0x66, 0x67, 0x2D, 0x67, 0x61, 0x6D, 0x65, 0x5F, 0x76, 0x65, 0x72, 0x3D, 0x30,
	0x30, 0x2E, 0x30, 0x37, 0x0D, 0x0A, 0x63, 0x61, 0x63, 0x66, 0x67, 0x2D, 0x67, 0x61, 0x6D, 0x65,
	0x5F, 0x62, 0x6F, 0x61, 0x72, 0x64, 0x5F, 0x74, 0x79, 0x70, 0x65, 0x3D, 0x30, 0x0D, 0x0A, 0x63,
	0x61, 0x63, 0x66, 0x67, 0x2D, 0x67, 0x61, 0x6D, 0x65, 0x5F, 0x62, 0x6F, 0x61, 0x72, 0x64, 0x5F,
	0x69, 0x64, 0x3D, 0x57, 0x36, 0x57, 0x0D, 0x0A, 0x63, 0x61, 0x63, 0x66, 0x67, 0x2D, 0x61, 0x75,
	0x74, 0x68, 0x5F, 0x73, 0x65, 0x72, 0x76, 0x65, 0x72, 0x5F, 0x75, 0x72, 0x6C, 0x3D, 0x68, 0x74,
	0x74, 0x70, 0x73, 0x3A, 0x2F, 0x2F, 0x30, 0x2E, 0x30, 0x2E, 0x30, 0x2E, 0x30, 0x3A, 0x31, 0x30,
	0x30, 0x38, 0x32, 0x2F, 0x0D, 0x0A, 0x63, 0x61, 0x63, 0x66, 0x67, 0x2D, 0x61, 0x75, 0x74, 0x68,
	0x5F, 0x73, 0x65, 0x72, 0x76, 0x65, 0x72, 0x5F, 0x73, 0x73, 0x6C, 0x76, 0x65, 0x72, 0x69, 0x66,
	0x79, 0x3D, 0x30, 0x0D, 0x0A, 0x63, 0x61, 0x63, 0x66, 0x67, 0x2D, 0x61, 0x75, 0x74, 0x68, 0x5F,
	0x73, 0x65, 0x72, 0x76, 0x65, 0x72, 0x5F, 0x73, 0x73, 0x6C, 0x63, 0x61, 0x66, 0x69, 0x6C, 0x65,
	0x3D, 0x2E, 0x5C, 0x66, 0x72, 0x6F, 0x6E, 0x74, 0x2E, 0x6D, 0x75, 0x63, 0x68, 0x61, 0x2D, 0x70,
	0x72, 0x64, 0x2E, 0x6E, 0x62, 0x67, 0x69, 0x2D, 0x61, 0x6D, 0x6E, 0x65, 0x74, 0x2E, 0x6A, 0x70,
	0x2E, 0x63, 0x61, 0x63, 0x65, 0x72, 0x74, 0x2E, 0x70, 0x65, 0x6D, 0x0D, 0x0A, 0x63, 0x61, 0x63,
	0x66, 0x67, 0x2D, 0x61, 0x75, 0x74, 0x68, 0x5F, 0x73, 0x65, 0x72, 0x76, 0x65, 0x72, 0x5F, 0x74,
	0x69, 0x6D, 0x65, 0x6F, 0x75, 0x74, 0x3D, 0x33, 0x30, 0x30, 0x0D, 0x0A, 0x63, 0x61, 0x63, 0x66,
	0x67, 0x2D, 0x69, 0x6E, 0x74, 0x65, 0x72, 0x76, 0x61, 0x6C, 0x5F, 0x61, 0x69, 0x6E, 0x66, 0x6F,
	0x5F, 0x72, 0x65, 0x6E, 0x65, 0x77, 0x3D, 0x31, 0x38, 0x30, 0x30, 0x0D, 0x0A, 0x63, 0x61, 0x63,
	0x66, 0x67, 0x2D, 0x69, 0x6E, 0x74, 0x65, 0x72, 0x76, 0x61, 0x6C, 0x5F, 0x61, 0x69, 0x6E, 0x66,
	0x6F, 0x5F, 0x72, 0x65, 0x74, 0x72, 0x79, 0x3D, 0x36, 0x30, 0x0D, 0x0A, 0x0D, 0x0A, 0x5B, 0x4D,
	0x75, 0x63, 0x68, 0x61, 0x44, 0x74, 0x43, 0x6F, 0x6E, 0x66, 0x69, 0x67, 0x5D, 0x0D, 0x0A, 0x3B,
	0x3B, 0x20, 0x4D, 0x55, 0x43, 0x48, 0x41, 0x20, 0x83, 0x74, 0x83, 0x40, 0x83, 0x43, 0x83, 0x8B,
	0x94, 0x7A, 0x90, 0x4D, 0x20, 0x28, 0x44, 0x54, 0x29, 0x20, 0x90, 0xDD, 0x92, 0xE8, 0x0D, 0x0A,
	0x64, 0x74, 0x63, 0x66, 0x67, 0x2D, 0x64, 0x6C, 0x5F, 0x70, 0x72, 0x6F, 0x64, 0x75, 0x63, 0x74,
	0x5F, 0x69, 0x64, 0x3D, 0x30, 0x78, 0x35, 0x37, 0x33, 0x36, 0x35, 0x37, 0x33, 0x31, 0x0D, 0x0A,
	0x64, 0x74, 0x63, 0x66, 0x67, 0x2D, 0x64, 0x6C, 0x5F, 0x63, 0x68, 0x75, 0x6E, 0x6B, 0x5F, 0x73,
	0x69, 0x7A, 0x65, 0x3D, 0x30, 0x78, 0x31, 0x30, 0x30, 0x30, 0x30, 0x0D, 0x0A, 0x64, 0x74, 0x63,
	0x66, 0x67, 0x2D, 0x64, 0x6C, 0x5F, 0x69, 0x6D, 0x61, 0x67, 0x65, 0x5F, 0x70, 0x61, 0x74, 0x68,
	0x3D, 0x2E, 0x5C, 0x64, 0x6C, 0x5F, 0x69, 0x6D, 0x61, 0x67, 0x65, 0x0D, 0x0A, 0x64, 0x74, 0x63,
	0x66, 0x67, 0x2D, 0x64, 0x6C, 0x5F, 0x69, 0x6D, 0x61, 0x67, 0x65, 0x5F, 0x73, 0x69, 0x7A, 0x65,
	0x3D, 0x30, 0x0D, 0x0A, 0x64, 0x74, 0x63, 0x66, 0x67, 0x2D, 0x64, 0x6C, 0x5F, 0x69, 0x6D, 0x61,
	0x67, 0x65, 0x5F, 0x74, 0x79, 0x70, 0x65, 0x3D, 0x52, 0x41, 0x57, 0x0D, 0x0A, 0x64, 0x74, 0x63,
	0x66, 0x67, 0x2D, 0x64, 0x6C, 0x5F, 0x69, 0x6D, 0x61, 0x67, 0x65, 0x5F, 0x63, 0x72, 0x79, 0x70,
	0x74, 0x5F, 0x6B, 0x65, 0x79, 0x3D, 0x30, 0x78, 0x64, 0x64, 0x31, 0x34, 0x39, 0x61, 0x62, 0x61,
	0x0D, 0x0A, 0x64, 0x74, 0x63, 0x66, 0x67, 0x2D, 0x64, 0x6C, 0x5F, 0x6C, 0x6F, 0x67, 0x5F, 0x6C,
	0x65, 0x76, 0x65, 0x6C, 0x3D, 0x49, 0x4E, 0x46, 0x4F, 0x0D, 0x0A, 0x64, 0x74, 0x63, 0x66, 0x67,
	0x2D, 0x64, 0x6C, 0x5F, 0x6C, 0x61, 0x6E, 0x5F, 0x63, 0x72, 0x79, 0x70, 0x74, 0x5F, 0x6B, 0x65,
	0x79, 0x3D, 0x30, 0x78, 0x62, 0x39, 0x34, 0x62, 0x61, 0x39, 0x66, 0x64, 0x31, 0x35, 0x32, 0x35,
	0x38, 0x62, 0x63, 0x62, 0x0D, 0x0A, 0x64, 0x74, 0x63, 0x66, 0x67, 0x2D, 0x64, 0x6C, 0x5F, 0x6C,
	0x61, 0x6E, 0x5F, 0x62, 0x72, 0x6F, 0x61, 0x64, 0x63, 0x61, 0x73, 0x74, 0x5F, 0x69, 0x6E, 0x74,
	0x65, 0x72, 0x76, 0x61, 0x6C, 0x3D, 0x31, 0x30, 0x30, 0x30, 0x0D, 0x0A, 0x64, 0x74, 0x63, 0x66,
	0x67, 0x2D, 0x64, 0x6C, 0x5F, 0x6C, 0x61, 0x6E, 0x5F, 0x75, 0x64, 0x70, 0x5F, 0x70, 0x6F, 0x72,
	0x74, 0x3D, 0x39, 0x38, 0x35, 0x30, 0x0D, 0x0A, 0x64, 0x74, 0x63, 0x66, 0x67, 0x2D, 0x64, 0x6C,
	0x5F, 0x6C, 0x61, 0x6E, 0x5F, 0x62, 0x61, 0x6E, 0x64, 0x77, 0x69, 0x64, 0x74, 0x68, 0x5F, 0x6C,
	0x69, 0x6D, 0x69, 0x74, 0x3D, 0x30, 0x0D, 0x0A, 0x64, 0x74, 0x63, 0x66, 0x67, 0x2D, 0x64, 0x6C,
	0x5F, 0x6C, 0x61, 0x6E, 0x5F, 0x62, 0x72, 0x6F, 0x61, 0x64, 0x63, 0x61, 0x73, 0x74, 0x5F, 0x61,
	0x64, 0x64, 0x72, 0x65, 0x73, 0x73, 0x3D, 0x30, 0x2E, 0x30, 0x2E, 0x30, 0x2E, 0x30, 0x0D, 0x0A,
	0x64, 0x74, 0x63, 0x66, 0x67, 0x2D, 0x64, 0x6C, 0x5F, 0x77, 0x61, 0x6E, 0x5F, 0x72, 0x65, 0x74,
	0x72, 0x79, 0x5F, 0x6C, 0x69, 0x6D, 0x69, 0x74, 0x3D, 0x0D, 0x0A, 0x64, 0x74, 0x63, 0x66, 0x67,
	0x2D, 0x64, 0x6C, 0x5F, 0x77, 0x61, 0x6E, 0x5F, 0x72, 0x65, 0x74, 0x72, 0x79, 0x5F, 0x69, 0x6E,
	0x74, 0x65, 0x72, 0x76, 0x61, 0x6C, 0x3D, 0x0D, 0x0A, 0x64, 0x74, 0x63, 0x66, 0x67, 0x2D, 0x64,
	0x6C, 0x5F, 0x77, 0x61, 0x6E, 0x5F, 0x73, 0x65, 0x6E, 0x64, 0x5F, 0x74, 0x69, 0x6D, 0x65, 0x6F,
	0x75, 0x74, 0x3D, 0x0D, 0x0A, 0x64, 0x74, 0x63, 0x66, 0x67, 0x2D, 0x64, 0x6C, 0x5F, 0x77, 0x61,
	0x6E, 0x5F, 0x72, 0x65, 0x63, 0x76, 0x5F, 0x74, 0x69, 0x6D, 0x65, 0x6F, 0x75, 0x74, 0x3D, 0x0D,
	0x0A, 0x64, 0x74, 0x63, 0x66, 0x67, 0x2D, 0x64, 0x6C, 0x5F, 0x6C, 0x61, 0x6E, 0x5F, 0x72, 0x65,
	0x74, 0x72, 0x79, 0x5F, 0x6C, 0x69, 0x6D, 0x69, 0x74, 0x3D, 0x0D, 0x0A, 0x64, 0x74, 0x63, 0x66,
	0x67, 0x2D, 0x64, 0x6C, 0x5F, 0x6C, 0x61, 0x6E, 0x5F, 0x72, 0x65, 0x74, 0x72, 0x79, 0x5F, 0x69,
	0x6E, 0x74, 0x65, 0x72, 0x76, 0x61, 0x6C, 0x3D, 0x0D, 0x0A, 0x64, 0x74, 0x63, 0x66, 0x67, 0x2D,
	0x64, 0x6C, 0x5F, 0x6C, 0x61, 0x6E, 0x5F, 0x73, 0x65, 0x6E, 0x64, 0x5F, 0x74, 0x69, 0x6D, 0x65,
	0x6F, 0x75, 0x74, 0x3D, 0x0D, 0x0A, 0x64, 0x74, 0x63, 0x66, 0x67, 0x2D, 0x64, 0x6C, 0x5F, 0x6C,
	0x61, 0x6E, 0x5F, 0x72, 0x65, 0x63, 0x76, 0x5F, 0x74, 0x69, 0x6D, 0x65, 0x6F, 0x75, 0x74, 0x3D,
	0x0D, 0x0A, 0x0D, 0x0A, 0x5B, 0x4D, 0x75, 0x63, 0x68, 0x61, 0x44, 0x74, 0x4D, 0x6F, 0x64, 0x65,
	0x43, 0x6F, 0x6E, 0x66, 0x69, 0x67, 0x5D, 0x0D, 0x0A, 0x3B, 0x3B, 0x20, 0x4D, 0x55, 0x43, 0x48,
	0x41, 0x20, 0x83, 0x74, 0x83, 0x40, 0x83, 0x43, 0x83, 0x8B, 0x94, 0x7A, 0x90, 0x4D, 0x83, 0x82,
	0x81, 0x5B, 0x83, 0x68, 0x90, 0xDD, 0x92, 0xE8, 0x0D, 0x0A, 0x64, 0x74, 0x6D, 0x6F, 0x64, 0x65,
	0x2D, 0x69, 0x6F, 0x5F, 0x64, 0x69, 0x72, 0x3D, 0x45, 0x3A, 0x5C, 0x0D, 0x0A, 0x64, 0x74, 0x6D,
	0x6F, 0x64, 0x65, 0x2D, 0x69, 0x6F, 0x5F, 0x66, 0x69, 0x6C, 0x65, 0x3D, 0x57, 0x36, 0x57, 0x31,
	0x30, 0x4A, 0x50, 0x4E, 0x0D, 0x0A, 0x64, 0x74, 0x6D, 0x6F, 0x64, 0x65, 0x2D, 0x69, 0x6F, 0x5F,
	0x63, 0x6F, 0x6E, 0x76, 0x3D, 0x44, 0x45, 0x43, 0x45, 0x58, 0x50, 0x0D, 0x0A, 0x64, 0x74, 0x6D,
	0x6F, 0x64, 0x65, 0x2D, 0x69, 0x6F, 0x5F, 0x70, 0x61, 0x73, 0x73, 0x70, 0x68, 0x72, 0x61, 0x73,
	0x65, 0x3D, 0x51, 0x78, 0x38, 0x68, 0x4A, 0x31, 0x4B, 0x69, 0x6C, 0x77, 0x65, 0x41, 0x70, 0x35,
	0x58, 0x6D, 0x0D, 0x0A, 0x64, 0x74, 0x6D, 0x6F, 0x64, 0x65, 0x2D, 0x69, 0x6F, 0x5F, 0x65, 0x78,
	0x74, 0x3D, 0x76, 0x68, 0x64, 0x0D, 0x0A
};


// 6RR (Rev 3.05) AMConfig
static const unsigned char AMConfig_6RR_05[] = {
	0x5B, 0x41, 0x4D, 0x55, 0x70, 0x64, 0x61, 0x74, 0x65, 0x72, 0x43, 0x6F, 0x6E, 0x66, 0x69, 0x67,
	0x5D, 0x20, 0x0D, 0x0A, 0x3B, 0x3B, 0x20, 0x41, 0x4D, 0x55, 0x70, 0x64, 0x61, 0x74, 0x65, 0x72,
	0x20, 0x88, 0xEA, 0x94, 0xCA, 0x90, 0xDD, 0x92, 0xE8, 0x0D, 0x0A, 0x61, 0x6D, 0x75, 0x63, 0x66,
	0x67, 0x2D, 0x74, 0x69, 0x74, 0x6C, 0x65, 0x3D, 0x98, 0x70, 0x8A, 0xDD, 0x83, 0x7E, 0x83, 0x62,
	0x83, 0x68, 0x83, 0x69, 0x83, 0x43, 0x83, 0x67, 0x20, 0x4D, 0x41, 0x58, 0x49, 0x4D, 0x55, 0x4D,
	0x20, 0x54, 0x55, 0x4E, 0x45, 0x20, 0x36, 0x52, 0x52, 0x0D, 0x0A, 0x61, 0x6D, 0x75, 0x63, 0x66,
	0x67, 0x2D, 0x6C, 0x61, 0x6E, 0x67, 0x3D, 0x4A, 0x50, 0x0D, 0x0A, 0x61, 0x6D, 0x75, 0x63, 0x66,
	0x67, 0x2D, 0x63, 0x6F, 0x75, 0x6E, 0x74, 0x64, 0x6F, 0x77, 0x6E, 0x3D, 0x35, 0x0D, 0x0A, 0x61,
	0x6D, 0x75, 0x63, 0x66, 0x67, 0x2D, 0x68, 0x5F, 0x72, 0x65, 0x73, 0x6F, 0x6C, 0x3D, 0x31, 0x33,
	0x36, 0x30, 0x0D, 0x0A, 0x61, 0x6D, 0x75, 0x63, 0x66, 0x67, 0x2D, 0x76, 0x5F, 0x72, 0x65, 0x73,
	0x6F, 0x6C, 0x3D, 0x37, 0x36, 0x38, 0x0D, 0x0A, 0x61, 0x6D, 0x75, 0x63, 0x66, 0x67, 0x2D, 0x6C,
	0x6F, 0x67, 0x66, 0x69, 0x6C, 0x65, 0x3D, 0x2E, 0x5C, 0x61, 0x6D, 0x75, 0x70, 0x64, 0x61, 0x74,
	0x65, 0x72, 0x2E, 0x6C, 0x6F, 0x67, 0x0D, 0x0A, 0x61, 0x6D, 0x75, 0x63, 0x66, 0x67, 0x2D, 0x67,
	0x61, 0x6D, 0x65, 0x5F, 0x72, 0x65, 0x76, 0x3D, 0x33, 0x0D, 0x0A, 0x61, 0x6D, 0x75, 0x63, 0x66,
	0x67, 0x2D, 0x68, 0x5F, 0x6F, 0x66, 0x66, 0x73, 0x65, 0x74, 0x3D, 0x30, 0x0D, 0x0A, 0x61, 0x6D,
	0x75, 0x63, 0x66, 0x67, 0x2D, 0x76, 0x5F, 0x6F, 0x66, 0x66, 0x73, 0x65, 0x74, 0x3D, 0x30, 0x0D,
	0x0A, 0x0D, 0x0A, 0x5B, 0x41, 0x4D, 0x41, 0x75, 0x74, 0x68, 0x64, 0x43, 0x6F, 0x6E, 0x66, 0x69,
	0x67, 0x5D, 0x20, 0x0D, 0x0A, 0x3B, 0x3B, 0x20, 0x41, 0x4D, 0x41, 0x75, 0x74, 0x68, 0x64, 0x20,
	0x88, 0xEA, 0x94, 0xCA, 0x90, 0xDD, 0x92, 0xE8, 0x0D, 0x0A, 0x61, 0x6D, 0x64, 0x63, 0x66, 0x67,
	0x2D, 0x61, 0x75, 0x74, 0x68, 0x54, 0x79, 0x70, 0x65, 0x3D, 0x41, 0x4C, 0x4C, 0x2E, 0x4E, 0x45,
	0x54, 0x0D, 0x0A, 0x61, 0x6D, 0x64, 0x63, 0x66, 0x67, 0x2D, 0x73, 0x6C, 0x65, 0x65, 0x70, 0x54,
	0x69, 0x6D, 0x65, 0x3D, 0x35, 0x30, 0x0D, 0x0A, 0x61, 0x6D, 0x64, 0x63, 0x66, 0x67, 0x2D, 0x72,
	0x65, 0x73, 0x6F, 0x4E, 0x61, 0x6D, 0x65, 0x54, 0x69, 0x6D, 0x65, 0x6F, 0x75, 0x74, 0x3D, 0x31,
	0x38, 0x30, 0x0D, 0x0A, 0x61, 0x6D, 0x64, 0x63, 0x66, 0x67, 0x2D, 0x77, 0x72, 0x69, 0x74, 0x61,
	0x62, 0x6C, 0x65, 0x43, 0x6F, 0x6E, 0x66, 0x69, 0x67, 0x3D, 0x2E, 0x5C, 0x57, 0x72, 0x69, 0x74,
	0x61, 0x62, 0x6C, 0x65, 0x43, 0x6F, 0x6E, 0x66, 0x69, 0x67, 0x2E, 0x69, 0x6E, 0x69, 0x0D, 0x0A,
	0x61, 0x6D, 0x64, 0x63, 0x66, 0x67, 0x2D, 0x73, 0x68, 0x6F, 0x77, 0x43, 0x6F, 0x6E, 0x73, 0x6F,
	0x6C, 0x65, 0x3D, 0x45, 0x4E, 0x41, 0x42, 0x4C, 0x45, 0x0D, 0x0A, 0x61, 0x6D, 0x64, 0x63, 0x66,
	0x67, 0x2D, 0x6C, 0x6F, 0x67, 0x66, 0x69, 0x6C, 0x65, 0x3D, 0x0D, 0x0A, 0x61, 0x6D, 0x64, 0x63,
	0x66, 0x67, 0x2D, 0x65, 0x78, 0x70, 0x6F, 0x72, 0x74, 0x5F, 0x6C, 0x6F, 0x67, 0x3D, 0x0D, 0x0A,
	0x0D, 0x0A, 0x5B, 0x41, 0x6C, 0x6C, 0x6E, 0x65, 0x74, 0x43, 0x6F, 0x6E, 0x66, 0x69, 0x67, 0x5D,
	0x20, 0x0D, 0x0A, 0x3B, 0x3B, 0x20, 0x41, 0x4C, 0x4C, 0x2E, 0x4E, 0x65, 0x74, 0x20, 0x88, 0xEA,
	0x94, 0xCA, 0x90, 0xDD, 0x92, 0xE8, 0x0D, 0x0A, 0x61, 0x6C, 0x6C, 0x63, 0x66, 0x67, 0x2D, 0x67,
	0x61, 0x6D, 0x65, 0x49, 0x44, 0x3D, 0x53, 0x42, 0x57, 0x4A, 0x0D, 0x0A, 0x61, 0x6C, 0x6C, 0x63,
	0x66, 0x67, 0x2D, 0x67, 0x61, 0x6D, 0x65, 0x56, 0x65, 0x72, 0x3D, 0x31, 0x33, 0x2E, 0x30, 0x30,
	0x0D, 0x0A, 0x0D, 0x0A, 0x5B, 0x41, 0x6C, 0x6C, 0x6E, 0x65, 0x74, 0x4F, 0x70, 0x74, 0x69, 0x6F,
	0x6E, 0x52, 0x65, 0x76, 0x61, 0x6C, 0x54, 0x69, 0x6D, 0x65, 0x5D, 0x0D, 0x0A, 0x3B, 0x3B, 0x20,
	0x41, 0x4C, 0x4C, 0x2E, 0x4E, 0x65, 0x74, 0x20, 0x8D, 0xC4, 0x94, 0x46, 0x8F, 0xD8, 0x8E, 0x9E,
	0x8D, 0x8F, 0x90, 0xDD, 0x92, 0xE8, 0x0D, 0x0A, 0x61, 0x6C, 0x6C, 0x6F, 0x70, 0x74, 0x2D, 0x72,
	0x65, 0x76, 0x61, 0x6C, 0x5F, 0x68, 0x6F, 0x75, 0x72, 0x3D, 0x37, 0x0D, 0x0A, 0x61, 0x6C, 0x6C,
	0x6F, 0x70, 0x74, 0x2D, 0x72, 0x65, 0x76, 0x61, 0x6C, 0x5F, 0x6D, 0x69, 0x6E, 0x75, 0x74, 0x65,
	0x3D, 0x30, 0x0D, 0x0A, 0x61, 0x6C, 0x6C, 0x6F, 0x70, 0x74, 0x2D, 0x72, 0x65, 0x76, 0x61, 0x6C,
	0x5F, 0x73, 0x65, 0x63, 0x6F, 0x6E, 0x64, 0x3D, 0x30, 0x0D, 0x0A, 0x0D, 0x0A, 0x5B, 0x41, 0x6C,
	0x6C, 0x6E, 0x65, 0x74, 0x4F, 0x70, 0x74, 0x69, 0x6F, 0x6E, 0x54, 0x69, 0x6D, 0x65, 0x6F, 0x75,
	0x74, 0x5D, 0x0D, 0x0A, 0x3B, 0x3B, 0x20, 0x41, 0x4C, 0x4C, 0x2E, 0x4E, 0x65, 0x74, 0x20, 0x92,
	0xCA, 0x90, 0x4D, 0x83, 0x5E, 0x83, 0x43, 0x83, 0x80, 0x83, 0x41, 0x83, 0x45, 0x83, 0x67, 0x90,
	0xDD, 0x92, 0xE8, 0x0D, 0x0A, 0x61, 0x6C, 0x6C, 0x6F, 0x70, 0x74, 0x2D, 0x74, 0x69, 0x6D, 0x65,
	0x6F, 0x75, 0x74, 0x5F, 0x63, 0x6F, 0x6E, 0x6E, 0x65, 0x63, 0x74, 0x3D, 0x36, 0x30, 0x30, 0x30,
	0x30, 0x20, 0x20, 0x0D, 0x0A, 0x61, 0x6C, 0x6C, 0x6F, 0x70, 0x74, 0x2D, 0x74, 0x69, 0x6D, 0x65,
	0x6F, 0x75, 0x74, 0x5F, 0x73, 0x65, 0x6E, 0x64, 0x3D, 0x36, 0x30, 0x30, 0x30, 0x30, 0x0D, 0x0A,
	0x61, 0x6C, 0x6C, 0x6F, 0x70, 0x74, 0x2D, 0x74, 0x69, 0x6D, 0x65, 0x6F, 0x75, 0x74, 0x5F, 0x72,
	0x65, 0x63, 0x76, 0x3D, 0x36, 0x30, 0x30, 0x30, 0x30, 0x0D, 0x0A, 0x0D, 0x0A, 0x5B, 0x4D, 0x75,
	0x63, 0x68, 0x61, 0x41, 0x70, 0x70, 0x43, 0x6F, 0x6E, 0x66, 0x69, 0x67, 0x5D, 0x0D, 0x0A, 0x3B,
	0x3B, 0x20, 0x6D, 0x75, 0x63, 0x68, 0x61, 0x5F, 0x61, 0x70, 0x70, 0x20, 0x90, 0xDD, 0x92, 0xE8,
	0x0D, 0x0A, 0x61, 0x70, 0x70, 0x63, 0x66, 0x67, 0x2D, 0x6C, 0x6F, 0x67, 0x66, 0x69, 0x6C, 0x65,
	0x3D, 0x2E, 0x5C, 0x6D, 0x75, 0x63, 0x68, 0x61, 0x61, 0x70, 0x70, 0x2E, 0x6C, 0x6F, 0x67, 0x0D,
	0x0A, 0x61, 0x70, 0x70, 0x63, 0x66, 0x67, 0x2D, 0x6C, 0x6F, 0x67, 0x6C, 0x65, 0x76, 0x65, 0x6C,
	0x3D, 0x49, 0x4E, 0x46, 0x4F, 0x0D, 0x0A, 0x0D, 0x0A, 0x5B, 0x4D, 0x75, 0x63, 0x68, 0x61, 0x53,
	0x79, 0x73, 0x43, 0x6F, 0x6E, 0x66, 0x69, 0x67, 0x5D, 0x0D, 0x0A, 0x3B, 0x3B, 0x20, 0x4D, 0x55,
	0x43, 0x48, 0x41, 0x20, 0x83, 0x56, 0x83, 0x58, 0x83, 0x65, 0x83, 0x80, 0x90, 0xDD, 0x92, 0xE8,
	0x0D, 0x0A, 0x73, 0x79, 0x73, 0x63, 0x66, 0x67, 0x2D, 0x64, 0x61, 0x65, 0x6D, 0x6F, 0x6E, 0x5F,
	0x65, 0x78, 0x65, 0x3D, 0x2E, 0x5C, 0x4D, 0x75, 0x63, 0x68, 0x61, 0x42, 0x69, 0x6E, 0x5C, 0x6D,
	0x75, 0x63, 0x68, 0x61, 0x63, 0x64, 0x2E, 0x65, 0x78, 0x65, 0x0D, 0x0A, 0x73, 0x79, 0x73, 0x63,
	0x66, 0x67, 0x2D, 0x64, 0x61, 0x65, 0x6D, 0x6F, 0x6E, 0x5F, 0x70, 0x69, 0x64, 0x66, 0x69, 0x6C,
	0x65, 0x3D, 0x2E, 0x5C, 0x4D, 0x75, 0x63, 0x68, 0x61, 0x42, 0x69, 0x6E, 0x5C, 0x6D, 0x75, 0x63,
	0x68, 0x61, 0x63, 0x64, 0x2E, 0x70, 0x69, 0x64, 0x0D, 0x0A, 0x73, 0x79, 0x73, 0x63, 0x66, 0x67,
	0x2D, 0x64, 0x61, 0x65, 0x6D, 0x6F, 0x6E, 0x5F, 0x6C, 0x6F, 0x67, 0x66, 0x69, 0x6C, 0x65, 0x3D,
	0x2E, 0x5C, 0x4D, 0x75, 0x63, 0x68, 0x61, 0x42, 0x69, 0x6E, 0x5C, 0x6D, 0x75, 0x63, 0x68, 0x61,
	0x63, 0x64, 0x2E, 0x6C, 0x6F, 0x67, 0x0D, 0x0A, 0x73, 0x79, 0x73, 0x63, 0x66, 0x67, 0x2D, 0x64,
	0x61, 0x65, 0x6D, 0x6F, 0x6E, 0x5F, 0x6C, 0x6F, 0x67, 0x6C, 0x65, 0x76, 0x65, 0x6C, 0x3D, 0x49,
	0x4E, 0x46, 0x4F, 0x0D, 0x0A, 0x73, 0x79, 0x73, 0x63, 0x66, 0x67, 0x2D, 0x64, 0x61, 0x65, 0x6D,
	0x6F, 0x6E, 0x5F, 0x6C, 0x69, 0x73, 0x74, 0x65, 0x6E, 0x3D, 0x74, 0x63, 0x70, 0x3A, 0x30, 0x2E,
	0x30, 0x2E, 0x30, 0x2E, 0x30, 0x3A, 0x31, 0x32, 0x33, 0x34, 0x35, 0x0D, 0x0A, 0x73, 0x79, 0x73,
	0x63, 0x66, 0x67, 0x2D, 0x63, 0x6C, 0x69, 0x65, 0x6E, 0x74, 0x5F, 0x63, 0x6F, 0x6E, 0x6E, 0x65,
	0x63, 0x74, 0x3D, 0x74, 0x63, 0x70, 0x3A, 0x31, 0x32, 0x37, 0x2E, 0x30, 0x2E, 0x30, 0x2E, 0x31,
	0x3A, 0x31, 0x32, 0x33, 0x34, 0x35, 0x0D, 0x0A, 0x0D, 0x0A, 0x5B, 0x4D, 0x75, 0x63, 0x68, 0x61,
	0x43, 0x41, 0x43, 0x6F, 0x6E, 0x66, 0x69, 0x67, 0x5D, 0x0D, 0x0A, 0x3B, 0x3B, 0x20, 0x4D, 0x55,
	0x43, 0x48, 0x41, 0x20, 0x94, 0x46, 0x8F, 0xD8, 0x90, 0xDD, 0x92, 0xE8, 0x0D, 0x0A, 0x63, 0x61,
	0x63, 0x66, 0x67, 0x2D, 0x67, 0x61, 0x6D, 0x65, 0x5F, 0x63, 0x64, 0x3D, 0x57, 0x36, 0x57, 0x31,
	0x0D, 0x0A, 0x63, 0x61, 0x63, 0x66, 0x67, 0x2D, 0x67, 0x61, 0x6D, 0x65, 0x5F, 0x76, 0x65, 0x72,
	0x3D, 0x30, 0x35, 0x2E, 0x30, 0x33, 0x0D, 0x0A, 0x63, 0x61, 0x63, 0x66, 0x67, 0x2D, 0x67, 0x61,
	0x6D, 0x65, 0x5F, 0x62, 0x6F, 0x61, 0x72, 0x64, 0x5F, 0x74, 0x79, 0x70, 0x65, 0x3D, 0x30, 0x0D,
	0x0A, 0x63, 0x61, 0x63, 0x66, 0x67, 0x2D, 0x67, 0x61, 0x6D, 0x65, 0x5F, 0x62, 0x6F, 0x61, 0x72,
	0x64, 0x5F, 0x69, 0x64, 0x3D, 0x57, 0x36, 0x57, 0x0D, 0x0A, 0x63, 0x61, 0x63, 0x66, 0x67, 0x2D,
	0x61, 0x75, 0x74, 0x68, 0x5F, 0x73, 0x65, 0x72, 0x76, 0x65, 0x72, 0x5F, 0x75, 0x72, 0x6C, 0x3D,
	0x68, 0x74, 0x74, 0x70, 0x73, 0x3A, 0x2F, 0x2F, 0x30, 0x2E, 0x30, 0x2E, 0x30, 0x2E, 0x30, 0x3A,
	0x31, 0x30, 0x30, 0x38, 0x32, 0x2F, 0x0D, 0x0A, 0x63, 0x61, 0x63, 0x66, 0x67, 0x2D, 0x61, 0x75,
	0x74, 0x68, 0x5F, 0x73, 0x65, 0x72, 0x76, 0x65, 0x72, 0x5F, 0x73, 0x73, 0x6C, 0x76, 0x65, 0x72,
	0x69, 0x66, 0x79, 0x3D, 0x30, 0x0D, 0x0A, 0x63, 0x61, 0x63, 0x66, 0x67, 0x2D, 0x61, 0x75, 0x74,
	0x68, 0x5F, 0x73, 0x65, 0x72, 0x76, 0x65, 0x72, 0x5F, 0x73, 0x73, 0x6C, 0x63, 0x61, 0x66, 0x69,
	0x6C, 0x65, 0x3D, 0x2E, 0x5C, 0x66, 0x72, 0x6F, 0x6E, 0x74, 0x2E, 0x6D, 0x75, 0x63, 0x68, 0x61,
	0x2D, 0x70, 0x72, 0x64, 0x2E, 0x6E, 0x62, 0x67, 0x69, 0x2D, 0x61, 0x6D, 0x6E, 0x65, 0x74, 0x2E,
	0x6A, 0x70, 0x2E, 0x63, 0x61, 0x63, 0x65, 0x72, 0x74, 0x2E, 0x70, 0x65, 0x6D, 0x0D, 0x0A, 0x63,
	0x61, 0x63, 0x66, 0x67, 0x2D, 0x61, 0x75, 0x74, 0x68, 0x5F, 0x73, 0x65, 0x72, 0x76, 0x65, 0x72,
	0x5F, 0x74, 0x69, 0x6D, 0x65, 0x6F, 0x75, 0x74, 0x3D, 0x33, 0x30, 0x30, 0x0D, 0x0A, 0x63, 0x61,
	0x63, 0x66, 0x67, 0x2D, 0x69, 0x6E, 0x74, 0x65, 0x72, 0x76, 0x61, 0x6C, 0x5F, 0x61, 0x69, 0x6E,
	0x66, 0x6F, 0x5F, 0x72, 0x65, 0x6E, 0x65, 0x77, 0x3D, 0x31, 0x38, 0x30, 0x30, 0x0D, 0x0A, 0x63,
	0x61, 0x63, 0x66, 0x67, 0x2D, 0x69, 0x6E, 0x74, 0x65, 0x72, 0x76, 0x61, 0x6C, 0x5F, 0x61, 0x69,
	0x6E, 0x66, 0x6F, 0x5F, 0x72, 0x65, 0x74, 0x72, 0x79, 0x3D, 0x36, 0x30, 0x0D, 0x0A, 0x0D, 0x0A,
	0x5B, 0x4D, 0x75, 0x63, 0x68, 0x61, 0x44, 0x74, 0x43, 0x6F, 0x6E, 0x66, 0x69, 0x67, 0x5D, 0x0D,
	0x0A, 0x3B, 0x3B, 0x20, 0x4D, 0x55, 0x43, 0x48, 0x41, 0x20, 0x83, 0x74, 0x83, 0x40, 0x83, 0x43,
	0x83, 0x8B, 0x94, 0x7A, 0x90, 0x4D, 0x20, 0x28, 0x44, 0x54, 0x29, 0x20, 0x90, 0xDD, 0x92, 0xE8,
	0x0D, 0x0A, 0x64, 0x74, 0x63, 0x66, 0x67, 0x2D, 0x64, 0x6C, 0x5F, 0x70, 0x72, 0x6F, 0x64, 0x75,
	0x63, 0x74, 0x5F, 0x69, 0x64, 0x3D, 0x30, 0x78, 0x35, 0x37, 0x33, 0x36, 0x35, 0x37, 0x33, 0x31,
	0x0D, 0x0A, 0x64, 0x74, 0x63, 0x66, 0x67, 0x2D, 0x64, 0x6C, 0x5F, 0x63, 0x68, 0x75, 0x6E, 0x6B,
	0x5F, 0x73, 0x69, 0x7A, 0x65, 0x3D, 0x30, 0x78, 0x31, 0x30, 0x30, 0x30, 0x30, 0x0D, 0x0A, 0x64,
	0x74, 0x63, 0x66, 0x67, 0x2D, 0x64, 0x6C, 0x5F, 0x69, 0x6D, 0x61, 0x67, 0x65, 0x5F, 0x70, 0x61,
	0x74, 0x68, 0x3D, 0x2E, 0x5C, 0x64, 0x6C, 0x5F, 0x69, 0x6D, 0x61, 0x67, 0x65, 0x0D, 0x0A, 0x64,
	0x74, 0x63, 0x66, 0x67, 0x2D, 0x64, 0x6C, 0x5F, 0x69, 0x6D, 0x61, 0x67, 0x65, 0x5F, 0x73, 0x69,
	0x7A, 0x65, 0x3D, 0x30, 0x0D, 0x0A, 0x64, 0x74, 0x63, 0x66, 0x67, 0x2D, 0x64, 0x6C, 0x5F, 0x69,
	0x6D, 0x61, 0x67, 0x65, 0x5F, 0x74, 0x79, 0x70, 0x65, 0x3D, 0x52, 0x41, 0x57, 0x0D, 0x0A, 0x64,
	0x74, 0x63, 0x66, 0x67, 0x2D, 0x64, 0x6C, 0x5F, 0x69, 0x6D, 0x61, 0x67, 0x65, 0x5F, 0x63, 0x72,
	0x79, 0x70, 0x74, 0x5F, 0x6B, 0x65, 0x79, 0x3D, 0x30, 0x78, 0x64, 0x64, 0x31, 0x34, 0x39, 0x61,
	0x62, 0x61, 0x0D, 0x0A, 0x64, 0x74, 0x63, 0x66, 0x67, 0x2D, 0x64, 0x6C, 0x5F, 0x6C, 0x6F, 0x67,
	0x5F, 0x6C, 0x65, 0x76, 0x65, 0x6C, 0x3D, 0x49, 0x4E, 0x46, 0x4F, 0x0D, 0x0A, 0x64, 0x74, 0x63,
	0x66, 0x67, 0x2D, 0x64, 0x6C, 0x5F, 0x6C, 0x61, 0x6E, 0x5F, 0x63, 0x72, 0x79, 0x70, 0x74, 0x5F,
	0x6B, 0x65, 0x79, 0x3D, 0x30, 0x78, 0x62, 0x39, 0x34, 0x62, 0x61, 0x39, 0x66, 0x64, 0x31, 0x35,
	0x32, 0x35, 0x38, 0x62, 0x63, 0x62, 0x0D, 0x0A, 0x64, 0x74, 0x63, 0x66, 0x67, 0x2D, 0x64, 0x6C,
	0x5F, 0x6C, 0x61, 0x6E, 0x5F, 0x62, 0x72, 0x6F, 0x61, 0x64, 0x63, 0x61, 0x73, 0x74, 0x5F, 0x69,
	0x6E, 0x74, 0x65, 0x72, 0x76, 0x61, 0x6C, 0x3D, 0x31, 0x30, 0x30, 0x30, 0x0D, 0x0A, 0x64, 0x74,
	0x63, 0x66, 0x67, 0x2D, 0x64, 0x6C, 0x5F, 0x6C, 0x61, 0x6E, 0x5F, 0x75, 0x64, 0x70, 0x5F, 0x70,
	0x6F, 0x72, 0x74, 0x3D, 0x39, 0x38, 0x35, 0x30, 0x0D, 0x0A, 0x64, 0x74, 0x63, 0x66, 0x67, 0x2D,
	0x64, 0x6C, 0x5F, 0x6C, 0x61, 0x6E, 0x5F, 0x62, 0x61, 0x6E, 0x64, 0x77, 0x69, 0x64, 0x74, 0x68,
	0x5F, 0x6C, 0x69, 0x6D, 0x69, 0x74, 0x3D, 0x30, 0x0D, 0x0A, 0x64, 0x74, 0x63, 0x66, 0x67, 0x2D,
	0x64, 0x6C, 0x5F, 0x6C, 0x61, 0x6E, 0x5F, 0x62, 0x72, 0x6F, 0x61, 0x64, 0x63, 0x61, 0x73, 0x74,
	0x5F, 0x61, 0x64, 0x64, 0x72, 0x65, 0x73, 0x73, 0x3D, 0x30, 0x2E, 0x30, 0x2E, 0x30, 0x2E, 0x30,
	0x0D, 0x0A, 0x64, 0x74, 0x63, 0x66, 0x67, 0x2D, 0x64, 0x6C, 0x5F, 0x77, 0x61, 0x6E, 0x5F, 0x72,
	0x65, 0x74, 0x72, 0x79, 0x5F, 0x6C, 0x69, 0x6D, 0x69, 0x74, 0x3D, 0x0D, 0x0A, 0x64, 0x74, 0x63,
	0x66, 0x67, 0x2D, 0x64, 0x6C, 0x5F, 0x77, 0x61, 0x6E, 0x5F, 0x72, 0x65, 0x74, 0x72, 0x79, 0x5F,
	0x69, 0x6E, 0x74, 0x65, 0x72, 0x76, 0x61, 0x6C, 0x3D, 0x0D, 0x0A, 0x64, 0x74, 0x63, 0x66, 0x67,
	0x2D, 0x64, 0x6C, 0x5F, 0x77, 0x61, 0x6E, 0x5F, 0x73, 0x65, 0x6E, 0x64, 0x5F, 0x74, 0x69, 0x6D,
	0x65, 0x6F, 0x75, 0x74, 0x3D, 0x0D, 0x0A, 0x64, 0x74, 0x63, 0x66, 0x67, 0x2D, 0x64, 0x6C, 0x5F,
	0x77, 0x61, 0x6E, 0x5F, 0x72, 0x65, 0x63, 0x76, 0x5F, 0x74, 0x69, 0x6D, 0x65, 0x6F, 0x75, 0x74,
	0x3D, 0x0D, 0x0A, 0x64, 0x74, 0x63, 0x66, 0x67, 0x2D, 0x64, 0x6C, 0x5F, 0x6C, 0x61, 0x6E, 0x5F,
	0x72, 0x65, 0x74, 0x72, 0x79, 0x5F, 0x6C, 0x69, 0x6D, 0x69, 0x74, 0x3D, 0x0D, 0x0A, 0x64, 0x74,
	0x63, 0x66, 0x67, 0x2D, 0x64, 0x6C, 0x5F, 0x6C, 0x61, 0x6E, 0x5F, 0x72, 0x65, 0x74, 0x72, 0x79,
	0x5F, 0x69, 0x6E, 0x74, 0x65, 0x72, 0x76, 0x61, 0x6C, 0x3D, 0x0D, 0x0A, 0x64, 0x74, 0x63, 0x66,
	0x67, 0x2D, 0x64, 0x6C, 0x5F, 0x6C, 0x61, 0x6E, 0x5F, 0x73, 0x65, 0x6E, 0x64, 0x5F, 0x74, 0x69,
	0x6D, 0x65, 0x6F, 0x75, 0x74, 0x3D, 0x0D, 0x0A, 0x64, 0x74, 0x63, 0x66, 0x67, 0x2D, 0x64, 0x6C,
	0x5F, 0x6C, 0x61, 0x6E, 0x5F, 0x72, 0x65, 0x63, 0x76, 0x5F, 0x74, 0x69, 0x6D, 0x65, 0x6F, 0x75,
	0x74, 0x3D, 0x0D, 0x0A, 0x0D, 0x0A, 0x5B, 0x4D, 0x75, 0x63, 0x68, 0x61, 0x44, 0x74, 0x4D, 0x6F,
	0x64, 0x65, 0x43, 0x6F, 0x6E, 0x66, 0x69, 0x67, 0x5D, 0x0D, 0x0A, 0x3B, 0x3B, 0x20, 0x4D, 0x55,
	0x43, 0x48, 0x41, 0x20, 0x83, 0x74, 0x83, 0x40, 0x83, 0x43, 0x83, 0x8B, 0x94, 0x7A, 0x90, 0x4D,
	0x83, 0x82, 0x81, 0x5B, 0x83, 0x68, 0x90, 0xDD, 0x92, 0xE8, 0x0D, 0x0A, 0x64, 0x74, 0x6D, 0x6F,
	0x64, 0x65, 0x2D, 0x69, 0x6F, 0x5F, 0x64, 0x69, 0x72, 0x3D, 0x45, 0x3A, 0x5C, 0x0D, 0x0A, 0x64,
	0x74, 0x6D, 0x6F, 0x64, 0x65, 0x2D, 0x69, 0x6F, 0x5F, 0x66, 0x69, 0x6C, 0x65, 0x3D, 0x57, 0x36,
	0x57, 0x31, 0x30, 0x4A, 0x50, 0x4E, 0x0D, 0x0A, 0x64, 0x74, 0x6D, 0x6F, 0x64, 0x65, 0x2D, 0x69,
	0x6F, 0x5F, 0x63, 0x6F, 0x6E, 0x76, 0x3D, 0x44, 0x45, 0x43, 0x45, 0x58, 0x50, 0x0D, 0x0A, 0x64,
	0x74, 0x6D, 0x6F, 0x64, 0x65, 0x2D, 0x69, 0x6F, 0x5F, 0x70, 0x61, 0x73, 0x73, 0x70, 0x68, 0x72,
	0x61, 0x73, 0x65, 0x3D, 0x51, 0x78, 0x38, 0x68, 0x4A, 0x31, 0x4B, 0x69, 0x6C, 0x77, 0x65, 0x41,
	0x70, 0x35, 0x58, 0x6D, 0x0D, 0x0A, 0x64, 0x74, 0x6D, 0x6F, 0x64, 0x65, 0x2D, 0x69, 0x6F, 0x5F,
	0x65, 0x78, 0x74, 0x3D, 0x76, 0x68, 0x64, 0x0D, 0x0A
};


// 6RR (Rev 3.06) AMConfig
static const unsigned char AMConfig_6RR_06[] = {
	0x5B, 0x41, 0x4D, 0x55, 0x70, 0x64, 0x61, 0x74, 0x65, 0x72, 0x43, 0x6F, 0x6E, 0x66, 0x69, 0x67,
	0x5D, 0x20, 0x0D, 0x0A, 0x3B, 0x3B, 0x20, 0x41, 0x4D, 0x55, 0x70, 0x64, 0x61, 0x74, 0x65, 0x72,
	0x20, 0x88, 0xEA, 0x94, 0xCA, 0x90, 0xDD, 0x92, 0xE8, 0x0D, 0x0A, 0x61, 0x6D, 0x75, 0x63, 0x66,
	0x67, 0x2D, 0x74, 0x69, 0x74, 0x6C, 0x65, 0x3D, 0x98, 0x70, 0x8A, 0xDD, 0x83, 0x7E, 0x83, 0x62,
	0x83, 0x68, 0x83, 0x69, 0x83, 0x43, 0x83, 0x67, 0x20, 0x4D, 0x41, 0x58, 0x49, 0x4D, 0x55, 0x4D,
	0x20, 0x54, 0x55, 0x4E, 0x45, 0x20, 0x36, 0x52, 0x52, 0x0D, 0x0A, 0x61, 0x6D, 0x75, 0x63, 0x66,
	0x67, 0x2D, 0x6C, 0x61, 0x6E, 0x67, 0x3D, 0x4A, 0x50, 0x0D, 0x0A, 0x61, 0x6D, 0x75, 0x63, 0x66,
	0x67, 0x2D, 0x63, 0x6F, 0x75, 0x6E, 0x74, 0x64, 0x6F, 0x77, 0x6E, 0x3D, 0x35, 0x0D, 0x0A, 0x61,
	0x6D, 0x75, 0x63, 0x66, 0x67, 0x2D, 0x68, 0x5F, 0x72, 0x65, 0x73, 0x6F, 0x6C, 0x3D, 0x31, 0x33,
	0x36, 0x30, 0x0D, 0x0A, 0x61, 0x6D, 0x75, 0x63, 0x66, 0x67, 0x2D, 0x76, 0x5F, 0x72, 0x65, 0x73,
	0x6F, 0x6C, 0x3D, 0x37, 0x36, 0x38, 0x0D, 0x0A, 0x61, 0x6D, 0x75, 0x63, 0x66, 0x67, 0x2D, 0x6C,
	0x6F, 0x67, 0x66, 0x69, 0x6C, 0x65, 0x3D, 0x2E, 0x5C, 0x61, 0x6D, 0x75, 0x70, 0x64, 0x61, 0x74,
	0x65, 0x72, 0x2E, 0x6C, 0x6F, 0x67, 0x0D, 0x0A, 0x61, 0x6D, 0x75, 0x63, 0x66, 0x67, 0x2D, 0x67,
	0x61, 0x6D, 0x65, 0x5F, 0x72, 0x65, 0x76, 0x3D, 0x33, 0x0D, 0x0A, 0x61, 0x6D, 0x75, 0x63, 0x66,
	0x67, 0x2D, 0x68, 0x5F, 0x6F, 0x66, 0x66, 0x73, 0x65, 0x74, 0x3D, 0x30, 0x0D, 0x0A, 0x61, 0x6D,
	0x75, 0x63, 0x66, 0x67, 0x2D, 0x76, 0x5F, 0x6F, 0x66, 0x66, 0x73, 0x65, 0x74, 0x3D, 0x30, 0x0D,
	0x0A, 0x0D, 0x0A, 0x5B, 0x41, 0x4D, 0x41, 0x75, 0x74, 0x68, 0x64, 0x43, 0x6F, 0x6E, 0x66, 0x69,
	0x67, 0x5D, 0x20, 0x0D, 0x0A, 0x3B, 0x3B, 0x20, 0x41, 0x4D, 0x41, 0x75, 0x74, 0x68, 0x64, 0x20,
	0x88, 0xEA, 0x94, 0xCA, 0x90, 0xDD, 0x92, 0xE8, 0x0D, 0x0A, 0x61, 0x6D, 0x64, 0x63, 0x66, 0x67,
	0x2D, 0x61, 0x75, 0x74, 0x68, 0x54, 0x79, 0x70, 0x65, 0x3D, 0x41, 0x4C, 0x4C, 0x2E, 0x4E, 0x45,
	0x54, 0x0D, 0x0A, 0x61, 0x6D, 0x64, 0x63, 0x66, 0x67, 0x2D, 0x73, 0x6C, 0x65, 0x65, 0x70, 0x54,
	0x69, 0x6D, 0x65, 0x3D, 0x35, 0x30, 0x0D, 0x0A, 0x61, 0x6D, 0x64, 0x63, 0x66, 0x67, 0x2D, 0x72,
	0x65, 0x73, 0x6F, 0x4E, 0x61, 0x6D, 0x65, 0x54, 0x69, 0x6D, 0x65, 0x6F, 0x75, 0x74, 0x3D, 0x31,
	0x38, 0x30, 0x0D, 0x0A, 0x61, 0x6D, 0x64, 0x63, 0x66, 0x67, 0x2D, 0x77, 0x72, 0x69, 0x74, 0x61,
	0x62, 0x6C, 0x65, 0x43, 0x6F, 0x6E, 0x66, 0x69, 0x67, 0x3D, 0x2E, 0x5C, 0x57, 0x72, 0x69, 0x74,
	0x61, 0x62, 0x6C, 0x65, 0x43, 0x6F, 0x6E, 0x66, 0x69, 0x67, 0x2E, 0x69, 0x6E, 0x69, 0x0D, 0x0A,
	0x61, 0x6D, 0x64, 0x63, 0x66, 0x67, 0x2D, 0x73, 0x68, 0x6F, 0x77, 0x43, 0x6F, 0x6E, 0x73, 0x6F,
	0x6C, 0x65, 0x3D, 0x45, 0x4E, 0x41, 0x42, 0x4C, 0x45, 0x0D, 0x0A, 0x61, 0x6D, 0x64, 0x63, 0x66,
	0x67, 0x2D, 0x6C, 0x6F, 0x67, 0x66, 0x69, 0x6C, 0x65, 0x3D, 0x0D, 0x0A, 0x61, 0x6D, 0x64, 0x63,
	0x66, 0x67, 0x2D, 0x65, 0x78, 0x70, 0x6F, 0x72, 0x74, 0x5F, 0x6C, 0x6F, 0x67, 0x3D, 0x0D, 0x0A,
	0x0D, 0x0A, 0x5B, 0x41, 0x6C, 0x6C, 0x6E, 0x65, 0x74, 0x43, 0x6F, 0x6E, 0x66, 0x69, 0x67, 0x5D,
	0x20, 0x0D, 0x0A, 0x3B, 0x3B, 0x20, 0x41, 0x4C, 0x4C, 0x2E, 0x4E, 0x65, 0x74, 0x20, 0x88, 0xEA,
	0x94, 0xCA, 0x90, 0xDD, 0x92, 0xE8, 0x0D, 0x0A, 0x61, 0x6C, 0x6C, 0x63, 0x66, 0x67, 0x2D, 0x67,
	0x61, 0x6D, 0x65, 0x49, 0x44, 0x3D, 0x53, 0x42, 0x57, 0x4A, 0x0D, 0x0A, 0x61, 0x6C, 0x6C, 0x63,
	0x66, 0x67, 0x2D, 0x67, 0x61, 0x6D, 0x65, 0x56, 0x65, 0x72, 0x3D, 0x31, 0x33, 0x2E, 0x30, 0x30,
	0x0D, 0x0A, 0x0D, 0x0A, 0x5B, 0x41, 0x6C, 0x6C, 0x6E, 0x65, 0x74, 0x4F, 0x70, 0x74, 0x69, 0x6F,
	0x6E, 0x52, 0x65, 0x76, 0x61, 0x6C, 0x54, 0x69, 0x6D, 0x65, 0x5D, 0x0D, 0x0A, 0x3B, 0x3B, 0x20,
	0x41, 0x4C, 0x4C, 0x2E, 0x4E, 0x65, 0x74, 0x20, 0x8D, 0xC4, 0x94, 0x46, 0x8F, 0xD8, 0x8E, 0x9E,
	0x8D, 0x8F, 0x90, 0xDD, 0x92, 0xE8, 0x0D, 0x0A, 0x61, 0x6C, 0x6C, 0x6F, 0x70, 0x74, 0x2D, 0x72,
	0x65, 0x76, 0x61, 0x6C, 0x5F, 0x68, 0x6F, 0x75, 0x72, 0x3D, 0x37, 0x0D, 0x0A, 0x61, 0x6C, 0x6C,
	0x6F, 0x70, 0x74, 0x2D, 0x72, 0x65, 0x76, 0x61, 0x6C, 0x5F, 0x6D, 0x69, 0x6E, 0x75, 0x74, 0x65,
	0x3D, 0x30, 0x0D, 0x0A, 0x61, 0x6C, 0x6C, 0x6F, 0x70, 0x74, 0x2D, 0x72, 0x65, 0x76, 0x61, 0x6C,
	0x5F, 0x73, 0x65, 0x63, 0x6F, 0x6E, 0x64, 0x3D, 0x30, 0x0D, 0x0A, 0x0D, 0x0A, 0x5B, 0x41, 0x6C,
	0x6C, 0x6E, 0x65, 0x74, 0x4F, 0x70, 0x74, 0x69, 0x6F, 0x6E, 0x54, 0x69, 0x6D, 0x65, 0x6F, 0x75,
	0x74, 0x5D, 0x0D, 0x0A, 0x3B, 0x3B, 0x20, 0x41, 0x4C, 0x4C, 0x2E, 0x4E, 0x65, 0x74, 0x20, 0x92,
	0xCA, 0x90, 0x4D, 0x83, 0x5E, 0x83, 0x43, 0x83, 0x80, 0x83, 0x41, 0x83, 0x45, 0x83, 0x67, 0x90,
	0xDD, 0x92, 0xE8, 0x0D, 0x0A, 0x61, 0x6C, 0x6C, 0x6F, 0x70, 0x74, 0x2D, 0x74, 0x69, 0x6D, 0x65,
	0x6F, 0x75, 0x74, 0x5F, 0x63, 0x6F, 0x6E, 0x6E, 0x65, 0x63, 0x74, 0x3D, 0x36, 0x30, 0x30, 0x30,
	0x30, 0x20, 0x20, 0x0D, 0x0A, 0x61, 0x6C, 0x6C, 0x6F, 0x70, 0x74, 0x2D, 0x74, 0x69, 0x6D, 0x65,
	0x6F, 0x75, 0x74, 0x5F, 0x73, 0x65, 0x6E, 0x64, 0x3D, 0x36, 0x30, 0x30, 0x30, 0x30, 0x0D, 0x0A,
	0x61, 0x6C, 0x6C, 0x6F, 0x70, 0x74, 0x2D, 0x74, 0x69, 0x6D, 0x65, 0x6F, 0x75, 0x74, 0x5F, 0x72,
	0x65, 0x63, 0x76, 0x3D, 0x36, 0x30, 0x30, 0x30, 0x30, 0x0D, 0x0A, 0x0D, 0x0A, 0x5B, 0x4D, 0x75,
	0x63, 0x68, 0x61, 0x41, 0x70, 0x70, 0x43, 0x6F, 0x6E, 0x66, 0x69, 0x67, 0x5D, 0x0D, 0x0A, 0x3B,
	0x3B, 0x20, 0x6D, 0x75, 0x63, 0x68, 0x61, 0x5F, 0x61, 0x70, 0x70, 0x20, 0x90, 0xDD, 0x92, 0xE8,
	0x0D, 0x0A, 0x61, 0x70, 0x70, 0x63, 0x66, 0x67, 0x2D, 0x6C, 0x6F, 0x67, 0x66, 0x69, 0x6C, 0x65,
	0x3D, 0x2E, 0x5C, 0x6D, 0x75, 0x63, 0x68, 0x61, 0x61, 0x70, 0x70, 0x2E, 0x6C, 0x6F, 0x67, 0x0D,
	0x0A, 0x61, 0x70, 0x70, 0x63, 0x66, 0x67, 0x2D, 0x6C, 0x6F, 0x67, 0x6C, 0x65, 0x76, 0x65, 0x6C,
	0x3D, 0x49, 0x4E, 0x46, 0x4F, 0x0D, 0x0A, 0x0D, 0x0A, 0x5B, 0x4D, 0x75, 0x63, 0x68, 0x61, 0x53,
	0x79, 0x73, 0x43, 0x6F, 0x6E, 0x66, 0x69, 0x67, 0x5D, 0x0D, 0x0A, 0x3B, 0x3B, 0x20, 0x4D, 0x55,
	0x43, 0x48, 0x41, 0x20, 0x83, 0x56, 0x83, 0x58, 0x83, 0x65, 0x83, 0x80, 0x90, 0xDD, 0x92, 0xE8,
	0x0D, 0x0A, 0x73, 0x79, 0x73, 0x63, 0x66, 0x67, 0x2D, 0x64, 0x61, 0x65, 0x6D, 0x6F, 0x6E, 0x5F,
	0x65, 0x78, 0x65, 0x3D, 0x2E, 0x5C, 0x4D, 0x75, 0x63, 0x68, 0x61, 0x42, 0x69, 0x6E, 0x5C, 0x6D,
	0x75, 0x63, 0x68, 0x61, 0x63, 0x64, 0x2E, 0x65, 0x78, 0x65, 0x0D, 0x0A, 0x73, 0x79, 0x73, 0x63,
	0x66, 0x67, 0x2D, 0x64, 0x61, 0x65, 0x6D, 0x6F, 0x6E, 0x5F, 0x70, 0x69, 0x64, 0x66, 0x69, 0x6C,
	0x65, 0x3D, 0x2E, 0x5C, 0x4D, 0x75, 0x63, 0x68, 0x61, 0x42, 0x69, 0x6E, 0x5C, 0x6D, 0x75, 0x63,
	0x68, 0x61, 0x63, 0x64, 0x2E, 0x70, 0x69, 0x64, 0x0D, 0x0A, 0x73, 0x79, 0x73, 0x63, 0x66, 0x67,
	0x2D, 0x64, 0x61, 0x65, 0x6D, 0x6F, 0x6E, 0x5F, 0x6C, 0x6F, 0x67, 0x66, 0x69, 0x6C, 0x65, 0x3D,
	0x2E, 0x5C, 0x4D, 0x75, 0x63, 0x68, 0x61, 0x42, 0x69, 0x6E, 0x5C, 0x6D, 0x75, 0x63, 0x68, 0x61,
	0x63, 0x64, 0x2E, 0x6C, 0x6F, 0x67, 0x0D, 0x0A, 0x73, 0x79, 0x73, 0x63, 0x66, 0x67, 0x2D, 0x64,
	0x61, 0x65, 0x6D, 0x6F, 0x6E, 0x5F, 0x6C, 0x6F, 0x67, 0x6C, 0x65, 0x76, 0x65, 0x6C, 0x3D, 0x49,
	0x4E, 0x46, 0x4F, 0x0D, 0x0A, 0x73, 0x79, 0x73, 0x63, 0x66, 0x67, 0x2D, 0x64, 0x61, 0x65, 0x6D,
	0x6F, 0x6E, 0x5F, 0x6C, 0x69, 0x73, 0x74, 0x65, 0x6E, 0x3D, 0x74, 0x63, 0x70, 0x3A, 0x30, 0x2E,
	0x30, 0x2E, 0x30, 0x2E, 0x30, 0x3A, 0x31, 0x32, 0x33, 0x34, 0x35, 0x0D, 0x0A, 0x73, 0x79, 0x73,
	0x63, 0x66, 0x67, 0x2D, 0x63, 0x6C, 0x69, 0x65, 0x6E, 0x74, 0x5F, 0x63, 0x6F, 0x6E, 0x6E, 0x65,
	0x63, 0x74, 0x3D, 0x74, 0x63, 0x70, 0x3A, 0x31, 0x32, 0x37, 0x2E, 0x30, 0x2E, 0x30, 0x2E, 0x31,
	0x3A, 0x31, 0x32, 0x33, 0x34, 0x35, 0x0D, 0x0A, 0x0D, 0x0A, 0x5B, 0x4D, 0x75, 0x63, 0x68, 0x61,
	0x43, 0x41, 0x43, 0x6F, 0x6E, 0x66, 0x69, 0x67, 0x5D, 0x0D, 0x0A, 0x3B, 0x3B, 0x20, 0x4D, 0x55,
	0x43, 0x48, 0x41, 0x20, 0x94, 0x46, 0x8F, 0xD8, 0x90, 0xDD, 0x92, 0xE8, 0x0D, 0x0A, 0x63, 0x61,
	0x63, 0x66, 0x67, 0x2D, 0x67, 0x61, 0x6D, 0x65, 0x5F, 0x63, 0x64, 0x3D, 0x57, 0x36, 0x57, 0x31,
	0x0D, 0x0A, 0x63, 0x61, 0x63, 0x66, 0x67, 0x2D, 0x67, 0x61, 0x6D, 0x65, 0x5F, 0x76, 0x65, 0x72,
	0x3D, 0x30, 0x36, 0x2E, 0x30, 0x36, 0x0D, 0x0A, 0x63, 0x61, 0x63, 0x66, 0x67, 0x2D, 0x67, 0x61,
	0x6D, 0x65, 0x5F, 0x62, 0x6F, 0x61, 0x72, 0x64, 0x5F, 0x74, 0x79, 0x70, 0x65, 0x3D, 0x30, 0x0D,
	0x0A, 0x63, 0x61, 0x63, 0x66, 0x67, 0x2D, 0x67, 0x61, 0x6D, 0x65, 0x5F, 0x62, 0x6F, 0x61, 0x72,
	0x64, 0x5F, 0x69, 0x64, 0x3D, 0x57, 0x36, 0x57, 0x0D, 0x0A, 0x63, 0x61, 0x63, 0x66, 0x67, 0x2D,
	0x61, 0x75, 0x74, 0x68, 0x5F, 0x73, 0x65, 0x72, 0x76, 0x65, 0x72, 0x5F, 0x75, 0x72, 0x6C, 0x3D,
	0x68, 0x74, 0x74, 0x70, 0x73, 0x3A, 0x2F, 0x2F, 0x30, 0x2E, 0x30, 0x2E, 0x30, 0x2E, 0x30, 0x3A,
	0x31, 0x30, 0x30, 0x38, 0x32, 0x2F, 0x0D, 0x0A, 0x63, 0x61, 0x63, 0x66, 0x67, 0x2D, 0x61, 0x75,
	0x74, 0x68, 0x5F, 0x73, 0x65, 0x72, 0x76, 0x65, 0x72, 0x5F, 0x73, 0x73, 0x6C, 0x76, 0x65, 0x72,
	0x69, 0x66, 0x79, 0x3D, 0x30, 0x0D, 0x0A, 0x63, 0x61, 0x63, 0x66, 0x67, 0x2D, 0x61, 0x75, 0x74,
	0x68, 0x5F, 0x73, 0x65, 0x72, 0x76, 0x65, 0x72, 0x5F, 0x73, 0x73, 0x6C, 0x63, 0x61, 0x66, 0x69,
	0x6C, 0x65, 0x3D, 0x2E, 0x5C, 0x66, 0x72, 0x6F, 0x6E, 0x74, 0x2E, 0x6D, 0x75, 0x63, 0x68, 0x61,
	0x2D, 0x70, 0x72, 0x64, 0x2E, 0x6E, 0x62, 0x67, 0x69, 0x2D, 0x61, 0x6D, 0x6E, 0x65, 0x74, 0x2E,
	0x6A, 0x70, 0x2E, 0x63, 0x61, 0x63, 0x65, 0x72, 0x74, 0x2E, 0x70, 0x65, 0x6D, 0x0D, 0x0A, 0x63,
	0x61, 0x63, 0x66, 0x67, 0x2D, 0x61, 0x75, 0x74, 0x68, 0x5F, 0x73, 0x65, 0x72, 0x76, 0x65, 0x72,
	0x5F, 0x74, 0x69, 0x6D, 0x65, 0x6F, 0x75, 0x74, 0x3D, 0x33, 0x30, 0x30, 0x0D, 0x0A, 0x63, 0x61,
	0x63, 0x66, 0x67, 0x2D, 0x69, 0x6E, 0x74, 0x65, 0x72, 0x76, 0x61, 0x6C, 0x5F, 0x61, 0x69, 0x6E,
	0x66, 0x6F, 0x5F, 0x72, 0x65, 0x6E, 0x65, 0x77, 0x3D, 0x31, 0x38, 0x30, 0x30, 0x0D, 0x0A, 0x63,
	0x61, 0x63, 0x66, 0x67, 0x2D, 0x69, 0x6E, 0x74, 0x65, 0x72, 0x76, 0x61, 0x6C, 0x5F, 0x61, 0x69,
	0x6E, 0x66, 0x6F, 0x5F, 0x72, 0x65, 0x74, 0x72, 0x79, 0x3D, 0x36, 0x30, 0x0D, 0x0A, 0x0D, 0x0A,
	0x5B, 0x4D, 0x75, 0x63, 0x68, 0x61, 0x44, 0x74, 0x43, 0x6F, 0x6E, 0x66, 0x69, 0x67, 0x5D, 0x0D,
	0x0A, 0x3B, 0x3B, 0x20, 0x4D, 0x55, 0x43, 0x48, 0x41, 0x20, 0x83, 0x74, 0x83, 0x40, 0x83, 0x43,
	0x83, 0x8B, 0x94, 0x7A, 0x90, 0x4D, 0x20, 0x28, 0x44, 0x54, 0x29, 0x20, 0x90, 0xDD, 0x92, 0xE8,
	0x0D, 0x0A, 0x64, 0x74, 0x63, 0x66, 0x67, 0x2D, 0x64, 0x6C, 0x5F, 0x70, 0x72, 0x6F, 0x64, 0x75,
	0x63, 0x74, 0x5F, 0x69, 0x64, 0x3D, 0x30, 0x78, 0x35, 0x37, 0x33, 0x36, 0x35, 0x37, 0x33, 0x31,
	0x0D, 0x0A, 0x64, 0x74, 0x63, 0x66, 0x67, 0x2D, 0x64, 0x6C, 0x5F, 0x63, 0x68, 0x75, 0x6E, 0x6B,
	0x5F, 0x73, 0x69, 0x7A, 0x65, 0x3D, 0x30, 0x78, 0x31, 0x30, 0x30, 0x30, 0x30, 0x0D, 0x0A, 0x64,
	0x74, 0x63, 0x66, 0x67, 0x2D, 0x64, 0x6C, 0x5F, 0x69, 0x6D, 0x61, 0x67, 0x65, 0x5F, 0x70, 0x61,
	0x74, 0x68, 0x3D, 0x2E, 0x5C, 0x64, 0x6C, 0x5F, 0x69, 0x6D, 0x61, 0x67, 0x65, 0x0D, 0x0A, 0x64,
	0x74, 0x63, 0x66, 0x67, 0x2D, 0x64, 0x6C, 0x5F, 0x69, 0x6D, 0x61, 0x67, 0x65, 0x5F, 0x73, 0x69,
	0x7A, 0x65, 0x3D, 0x30, 0x0D, 0x0A, 0x64, 0x74, 0x63, 0x66, 0x67, 0x2D, 0x64, 0x6C, 0x5F, 0x69,
	0x6D, 0x61, 0x67, 0x65, 0x5F, 0x74, 0x79, 0x70, 0x65, 0x3D, 0x52, 0x41, 0x57, 0x0D, 0x0A, 0x64,
	0x74, 0x63, 0x66, 0x67, 0x2D, 0x64, 0x6C, 0x5F, 0x69, 0x6D, 0x61, 0x67, 0x65, 0x5F, 0x63, 0x72,
	0x79, 0x70, 0x74, 0x5F, 0x6B, 0x65, 0x79, 0x3D, 0x30, 0x78, 0x64, 0x64, 0x31, 0x34, 0x39, 0x61,
	0x62, 0x61, 0x0D, 0x0A, 0x64, 0x74, 0x63, 0x66, 0x67, 0x2D, 0x64, 0x6C, 0x5F, 0x6C, 0x6F, 0x67,
	0x5F, 0x6C, 0x65, 0x76, 0x65, 0x6C, 0x3D, 0x49, 0x4E, 0x46, 0x4F, 0x0D, 0x0A, 0x64, 0x74, 0x63,
	0x66, 0x67, 0x2D, 0x64, 0x6C, 0x5F, 0x6C, 0x61, 0x6E, 0x5F, 0x63, 0x72, 0x79, 0x70, 0x74, 0x5F,
	0x6B, 0x65, 0x79, 0x3D, 0x30, 0x78, 0x62, 0x39, 0x34, 0x62, 0x61, 0x39, 0x66, 0x64, 0x31, 0x35,
	0x32, 0x35, 0x38, 0x62, 0x63, 0x62, 0x0D, 0x0A, 0x64, 0x74, 0x63, 0x66, 0x67, 0x2D, 0x64, 0x6C,
	0x5F, 0x6C, 0x61, 0x6E, 0x5F, 0x62, 0x72, 0x6F, 0x61, 0x64, 0x63, 0x61, 0x73, 0x74, 0x5F, 0x69,
	0x6E, 0x74, 0x65, 0x72, 0x76, 0x61, 0x6C, 0x3D, 0x31, 0x30, 0x30, 0x30, 0x0D, 0x0A, 0x64, 0x74,
	0x63, 0x66, 0x67, 0x2D, 0x64, 0x6C, 0x5F, 0x6C, 0x61, 0x6E, 0x5F, 0x75, 0x64, 0x70, 0x5F, 0x70,
	0x6F, 0x72, 0x74, 0x3D, 0x39, 0x38, 0x35, 0x30, 0x0D, 0x0A, 0x64, 0x74, 0x63, 0x66, 0x67, 0x2D,
	0x64, 0x6C, 0x5F, 0x6C, 0x61, 0x6E, 0x5F, 0x62, 0x61, 0x6E, 0x64, 0x77, 0x69, 0x64, 0x74, 0x68,
	0x5F, 0x6C, 0x69, 0x6D, 0x69, 0x74, 0x3D, 0x30, 0x0D, 0x0A, 0x64, 0x74, 0x63, 0x66, 0x67, 0x2D,
	0x64, 0x6C, 0x5F, 0x6C, 0x61, 0x6E, 0x5F, 0x62, 0x72, 0x6F, 0x61, 0x64, 0x63, 0x61, 0x73, 0x74,
	0x5F, 0x61, 0x64, 0x64, 0x72, 0x65, 0x73, 0x73, 0x3D, 0x30, 0x2E, 0x30, 0x2E, 0x30, 0x2E, 0x30,
	0x0D, 0x0A, 0x64, 0x74, 0x63, 0x66, 0x67, 0x2D, 0x64, 0x6C, 0x5F, 0x77, 0x61, 0x6E, 0x5F, 0x72,
	0x65, 0x74, 0x72, 0x79, 0x5F, 0x6C, 0x69, 0x6D, 0x69, 0x74, 0x3D, 0x0D, 0x0A, 0x64, 0x74, 0x63,
	0x66, 0x67, 0x2D, 0x64, 0x6C, 0x5F, 0x77, 0x61, 0x6E, 0x5F, 0x72, 0x65, 0x74, 0x72, 0x79, 0x5F,
	0x69, 0x6E, 0x74, 0x65, 0x72, 0x76, 0x61, 0x6C, 0x3D, 0x0D, 0x0A, 0x64, 0x74, 0x63, 0x66, 0x67,
	0x2D, 0x64, 0x6C, 0x5F, 0x77, 0x61, 0x6E, 0x5F, 0x73, 0x65, 0x6E, 0x64, 0x5F, 0x74, 0x69, 0x6D,
	0x65, 0x6F, 0x75, 0x74, 0x3D, 0x0D, 0x0A, 0x64, 0x74, 0x63, 0x66, 0x67, 0x2D, 0x64, 0x6C, 0x5F,
	0x77, 0x61, 0x6E, 0x5F, 0x72, 0x65, 0x63, 0x76, 0x5F, 0x74, 0x69, 0x6D, 0x65, 0x6F, 0x75, 0x74,
	0x3D, 0x0D, 0x0A, 0x64, 0x74, 0x63, 0x66, 0x67, 0x2D, 0x64, 0x6C, 0x5F, 0x6C, 0x61, 0x6E, 0x5F,
	0x72, 0x65, 0x74, 0x72, 0x79, 0x5F, 0x6C, 0x69, 0x6D, 0x69, 0x74, 0x3D, 0x0D, 0x0A, 0x64, 0x74,
	0x63, 0x66, 0x67, 0x2D, 0x64, 0x6C, 0x5F, 0x6C, 0x61, 0x6E, 0x5F, 0x72, 0x65, 0x74, 0x72, 0x79,
	0x5F, 0x69, 0x6E, 0x74, 0x65, 0x72, 0x76, 0x61, 0x6C, 0x3D, 0x0D, 0x0A, 0x64, 0x74, 0x63, 0x66,
	0x67, 0x2D, 0x64, 0x6C, 0x5F, 0x6C, 0x61, 0x6E, 0x5F, 0x73, 0x65, 0x6E, 0x64, 0x5F, 0x74, 0x69,
	0x6D, 0x65, 0x6F, 0x75, 0x74, 0x3D, 0x0D, 0x0A, 0x64, 0x74, 0x63, 0x66, 0x67, 0x2D, 0x64, 0x6C,
	0x5F, 0x6C, 0x61, 0x6E, 0x5F, 0x72, 0x65, 0x63, 0x76, 0x5F, 0x74, 0x69, 0x6D, 0x65, 0x6F, 0x75,
	0x74, 0x3D, 0x0D, 0x0A, 0x0D, 0x0A, 0x5B, 0x4D, 0x75, 0x63, 0x68, 0x61, 0x44, 0x74, 0x4D, 0x6F,
	0x64, 0x65, 0x43, 0x6F, 0x6E, 0x66, 0x69, 0x67, 0x5D, 0x0D, 0x0A, 0x3B, 0x3B, 0x20, 0x4D, 0x55,
	0x43, 0x48, 0x41, 0x20, 0x83, 0x74, 0x83, 0x40, 0x83, 0x43, 0x83, 0x8B, 0x94, 0x7A, 0x90, 0x4D,
	0x83, 0x82, 0x81, 0x5B, 0x83, 0x68, 0x90, 0xDD, 0x92, 0xE8, 0x0D, 0x0A, 0x64, 0x74, 0x6D, 0x6F,
	0x64, 0x65, 0x2D, 0x69, 0x6F, 0x5F, 0x64, 0x69, 0x72, 0x3D, 0x45, 0x3A, 0x5C, 0x0D, 0x0A, 0x64,
	0x74, 0x6D, 0x6F, 0x64, 0x65, 0x2D, 0x69, 0x6F, 0x5F, 0x66, 0x69, 0x6C, 0x65, 0x3D, 0x57, 0x36,
	0x57, 0x31, 0x30, 0x4A, 0x50, 0x4E, 0x0D, 0x0A, 0x64, 0x74, 0x6D, 0x6F, 0x64, 0x65, 0x2D, 0x69,
	0x6F, 0x5F, 0x63, 0x6F, 0x6E, 0x76, 0x3D, 0x44, 0x45, 0x43, 0x45, 0x58, 0x50, 0x0D, 0x0A, 0x64,
	0x74, 0x6D, 0x6F, 0x64, 0x65, 0x2D, 0x69, 0x6F, 0x5F, 0x70, 0x61, 0x73, 0x73, 0x70, 0x68, 0x72,
	0x61, 0x73, 0x65, 0x3D, 0x51, 0x78, 0x38, 0x68, 0x4A, 0x31, 0x4B, 0x69, 0x6C, 0x77, 0x65, 0x41,
	0x70, 0x35, 0x58, 0x6D, 0x0D, 0x0A, 0x64, 0x74, 0x6D, 0x6F, 0x64, 0x65, 0x2D, 0x69, 0x6F, 0x5F,
	0x65, 0x78, 0x74, 0x3D, 0x76, 0x68, 0x64, 0x0D, 0x0A
};


// 5DXP AMConfig
static const unsigned char AMConfig_5DXP[] = {
	0x5B, 0x41, 0x4D, 0x55, 0x70, 0x64, 0x61, 0x74, 0x65, 0x72, 0x43, 0x6F, 0x6E, 0x66, 0x69, 0x67,
	0x5D, 0x20, 0x0D, 0x0A, 0x3B, 0x3B, 0x20, 0x41, 0x4D, 0x55, 0x70, 0x64, 0x61, 0x74, 0x65, 0x72,
	0x20, 0x88, 0xEA, 0x94, 0xCA, 0x90, 0xDD, 0x92, 0xE8, 0x0D, 0x0A, 0x61, 0x6D, 0x75, 0x63, 0x66,
	0x67, 0x2D, 0x74, 0x69, 0x74, 0x6C, 0x65, 0x3D, 0x98, 0x70, 0x8A, 0xDD, 0x83, 0x7E, 0x83, 0x62,
	0x83, 0x68, 0x83, 0x69, 0x83, 0x43, 0x83, 0x67, 0x4D, 0x41, 0x58, 0x49, 0x4D, 0x55, 0x4D, 0x20,
	0x54, 0x55, 0x4E, 0x45, 0x20, 0x35, 0x44, 0x58, 0x20, 0x50, 0x4C, 0x55, 0x53, 0x0D, 0x0A, 0x61,
	0x6D, 0x75, 0x63, 0x66, 0x67, 0x2D, 0x6C, 0x61, 0x6E, 0x67, 0x3D, 0x4A, 0x50, 0x0D, 0x0A, 0x61,
	0x6D, 0x75, 0x63, 0x66, 0x67, 0x2D, 0x63, 0x6F, 0x75, 0x6E, 0x74, 0x64, 0x6F, 0x77, 0x6E, 0x3D,
	0x35, 0x0D, 0x0A, 0x61, 0x6D, 0x75, 0x63, 0x66, 0x67, 0x2D, 0x68, 0x5F, 0x72, 0x65, 0x73, 0x6F,
	0x6C, 0x3D, 0x31, 0x33, 0x36, 0x30, 0x0D, 0x0A, 0x61, 0x6D, 0x75, 0x63, 0x66, 0x67, 0x2D, 0x76,
	0x5F, 0x72, 0x65, 0x73, 0x6F, 0x6C, 0x3D, 0x37, 0x36, 0x38, 0x0D, 0x0A, 0x61, 0x6D, 0x75, 0x63,
	0x66, 0x67, 0x2D, 0x6C, 0x6F, 0x67, 0x66, 0x69, 0x6C, 0x65, 0x3D, 0x2E, 0x5C, 0x61, 0x6D, 0x75,
	0x70, 0x64, 0x61, 0x74, 0x65, 0x72, 0x2E, 0x6C, 0x6F, 0x67, 0x0D, 0x0A, 0x61, 0x6D, 0x75, 0x63,
	0x66, 0x67, 0x2D, 0x67, 0x61, 0x6D, 0x65, 0x5F, 0x72, 0x65, 0x76, 0x3D, 0x33, 0x0D, 0x0A, 0x0D,
	0x0A, 0x5B, 0x41, 0x4D, 0x41, 0x75, 0x74, 0x68, 0x64, 0x43, 0x6F, 0x6E, 0x66, 0x69, 0x67, 0x5D,
	0x20, 0x0D, 0x0A, 0x3B, 0x3B, 0x20, 0x41, 0x4D, 0x41, 0x75, 0x74, 0x68, 0x64, 0x20, 0x88, 0xEA,
	0x94, 0xCA, 0x90, 0xDD, 0x92, 0xE8, 0x0D, 0x0A, 0x61, 0x6D, 0x64, 0x63, 0x66, 0x67, 0x2D, 0x61,
	0x75, 0x74, 0x68, 0x54, 0x79, 0x70, 0x65, 0x3D, 0x41, 0x4C, 0x4C, 0x2E, 0x4E, 0x45, 0x54, 0x0D,
	0x0A, 0x61, 0x6D, 0x64, 0x63, 0x66, 0x67, 0x2D, 0x73, 0x6C, 0x65, 0x65, 0x70, 0x54, 0x69, 0x6D,
	0x65, 0x3D, 0x35, 0x30, 0x0D, 0x0A, 0x61, 0x6D, 0x64, 0x63, 0x66, 0x67, 0x2D, 0x72, 0x65, 0x73,
	0x6F, 0x4E, 0x61, 0x6D, 0x65, 0x54, 0x69, 0x6D, 0x65, 0x6F, 0x75, 0x74, 0x3D, 0x31, 0x38, 0x30,
	0x0D, 0x0A, 0x61, 0x6D, 0x64, 0x63, 0x66, 0x67, 0x2D, 0x77, 0x72, 0x69, 0x74, 0x61, 0x62, 0x6C,
	0x65, 0x43, 0x6F, 0x6E, 0x66, 0x69, 0x67, 0x3D, 0x2E, 0x5C, 0x57, 0x72, 0x69, 0x74, 0x61, 0x62,
	0x6C, 0x65, 0x43, 0x6F, 0x6E, 0x66, 0x69, 0x67, 0x2E, 0x69, 0x6E, 0x69, 0x0D, 0x0A, 0x61, 0x6D,
	0x64, 0x63, 0x66, 0x67, 0x2D, 0x73, 0x68, 0x6F, 0x77, 0x43, 0x6F, 0x6E, 0x73, 0x6F, 0x6C, 0x65,
	0x3D, 0x45, 0x4E, 0x41, 0x42, 0x4C, 0x45, 0x0D, 0x0A, 0x61, 0x6D, 0x64, 0x63, 0x66, 0x67, 0x2D,
	0x6C, 0x6F, 0x67, 0x66, 0x69, 0x6C, 0x65, 0x3D, 0x0D, 0x0A, 0x61, 0x6D, 0x64, 0x63, 0x66, 0x67,
	0x2D, 0x65, 0x78, 0x70, 0x6F, 0x72, 0x74, 0x5F, 0x6C, 0x6F, 0x67, 0x3D, 0x0D, 0x0A, 0x61, 0x6D,
	0x64, 0x63, 0x66, 0x67, 0x2D, 0x6F, 0x66, 0x66, 0x6C, 0x69, 0x6E, 0x65, 0x4D, 0x6F, 0x64, 0x65,
	0x3D, 0x44, 0x49, 0x53, 0x41, 0x42, 0x4C, 0x45, 0x0D, 0x0A, 0x0D, 0x0A, 0x5B, 0x41, 0x6C, 0x6C,
	0x6E, 0x65, 0x74, 0x43, 0x6F, 0x6E, 0x66, 0x69, 0x67, 0x5D, 0x20, 0x0D, 0x0A, 0x3B, 0x3B, 0x20,
	0x41, 0x4C, 0x4C, 0x2E, 0x4E, 0x65, 0x74, 0x20, 0x88, 0xEA, 0x94, 0xCA, 0x90, 0xDD, 0x92, 0xE8,
	0x0D, 0x0A, 0x61, 0x6C, 0x6C, 0x63, 0x66, 0x67, 0x2D, 0x67, 0x61, 0x6D, 0x65, 0x49, 0x44, 0x3D,
	0x53, 0x42, 0x57, 0x4A, 0x0D, 0x0A, 0x61, 0x6C, 0x6C, 0x63, 0x66, 0x67, 0x2D, 0x67, 0x61, 0x6D,
	0x65, 0x56, 0x65, 0x72, 0x3D, 0x37, 0x2E, 0x30, 0x30, 0x0D, 0x0A, 0x0D, 0x0A, 0x5B, 0x41, 0x6C,
	0x6C, 0x6E, 0x65, 0x74, 0x4F, 0x70, 0x74, 0x69, 0x6F, 0x6E, 0x52, 0x65, 0x76, 0x61, 0x6C, 0x54,
	0x69, 0x6D, 0x65, 0x5D, 0x0D, 0x0A, 0x3B, 0x3B, 0x20, 0x41, 0x4C, 0x4C, 0x2E, 0x4E, 0x65, 0x74,
	0x20, 0x8D, 0xC4, 0x94, 0x46, 0x8F, 0xD8, 0x8E, 0x9E, 0x8D, 0x8F, 0x90, 0xDD, 0x92, 0xE8, 0x0D,
	0x0A, 0x61, 0x6C, 0x6C, 0x6F, 0x70, 0x74, 0x2D, 0x72, 0x65, 0x76, 0x61, 0x6C, 0x5F, 0x68, 0x6F,
	0x75, 0x72, 0x3D, 0x37, 0x0D, 0x0A, 0x61, 0x6C, 0x6C, 0x6F, 0x70, 0x74, 0x2D, 0x72, 0x65, 0x76,
	0x61, 0x6C, 0x5F, 0x6D, 0x69, 0x6E, 0x75, 0x74, 0x65, 0x3D, 0x30, 0x0D, 0x0A, 0x61, 0x6C, 0x6C,
	0x6F, 0x70, 0x74, 0x2D, 0x72, 0x65, 0x76, 0x61, 0x6C, 0x5F, 0x73, 0x65, 0x63, 0x6F, 0x6E, 0x64,
	0x3D, 0x30, 0x0D, 0x0A, 0x0D, 0x0A, 0x5B, 0x41, 0x6C, 0x6C, 0x6E, 0x65, 0x74, 0x4F, 0x70, 0x74,
	0x69, 0x6F, 0x6E, 0x54, 0x69, 0x6D, 0x65, 0x6F, 0x75, 0x74, 0x5D, 0x0D, 0x0A, 0x3B, 0x3B, 0x20,
	0x41, 0x4C, 0x4C, 0x2E, 0x4E, 0x65, 0x74, 0x20, 0x92, 0xCA, 0x90, 0x4D, 0x83, 0x5E, 0x83, 0x43,
	0x83, 0x80, 0x83, 0x41, 0x83, 0x45, 0x83, 0x67, 0x90, 0xDD, 0x92, 0xE8, 0x0D, 0x0A, 0x61, 0x6C,
	0x6C, 0x6F, 0x70, 0x74, 0x2D, 0x74, 0x69, 0x6D, 0x65, 0x6F, 0x75, 0x74, 0x5F, 0x63, 0x6F, 0x6E,
	0x6E, 0x65, 0x63, 0x74, 0x3D, 0x36, 0x30, 0x30, 0x30, 0x30, 0x20, 0x20, 0x0D, 0x0A, 0x61, 0x6C,
	0x6C, 0x6F, 0x70, 0x74, 0x2D, 0x74, 0x69, 0x6D, 0x65, 0x6F, 0x75, 0x74, 0x5F, 0x73, 0x65, 0x6E,
	0x64, 0x3D, 0x36, 0x30, 0x30, 0x30, 0x30, 0x0D, 0x0A, 0x61, 0x6C, 0x6C, 0x6F, 0x70, 0x74, 0x2D,
	0x74, 0x69, 0x6D, 0x65, 0x6F, 0x75, 0x74, 0x5F, 0x72, 0x65, 0x63, 0x76, 0x3D, 0x36, 0x30, 0x30,
	0x30, 0x30, 0x0D, 0x0A, 0x0D, 0x0A, 0x5B, 0x4D, 0x75, 0x63, 0x68, 0x61, 0x41, 0x70, 0x70, 0x43,
	0x6F, 0x6E, 0x66, 0x69, 0x67, 0x5D, 0x0D, 0x0A, 0x3B, 0x3B, 0x20, 0x6D, 0x75, 0x63, 0x68, 0x61,
	0x5F, 0x61, 0x70, 0x70, 0x20, 0x90, 0xDD, 0x92, 0xE8, 0x0D, 0x0A, 0x61, 0x70, 0x70, 0x63, 0x66,
	0x67, 0x2D, 0x6C, 0x6F, 0x67, 0x66, 0x69, 0x6C, 0x65, 0x3D, 0x2E, 0x5C, 0x6D, 0x75, 0x63, 0x68,
	0x61, 0x61, 0x70, 0x70, 0x2E, 0x6C, 0x6F, 0x67, 0x0D, 0x0A, 0x61, 0x70, 0x70, 0x63, 0x66, 0x67,
	0x2D, 0x6C, 0x6F, 0x67, 0x6C, 0x65, 0x76, 0x65, 0x6C, 0x3D, 0x49, 0x4E, 0x46, 0x4F, 0x0D, 0x0A,
	0x0D, 0x0A, 0x5B, 0x4D, 0x75, 0x63, 0x68, 0x61, 0x53, 0x79, 0x73, 0x43, 0x6F, 0x6E, 0x66, 0x69,
	0x67, 0x5D, 0x0D, 0x0A, 0x3B, 0x3B, 0x20, 0x4D, 0x55, 0x43, 0x48, 0x41, 0x20, 0x83, 0x56, 0x83,
	0x58, 0x83, 0x65, 0x83, 0x80, 0x90, 0xDD, 0x92, 0xE8, 0x0D, 0x0A, 0x73, 0x79, 0x73, 0x63, 0x66,
	0x67, 0x2D, 0x64, 0x61, 0x65, 0x6D, 0x6F, 0x6E, 0x5F, 0x65, 0x78, 0x65, 0x3D, 0x2E, 0x5C, 0x4D,
	0x75, 0x63, 0x68, 0x61, 0x42, 0x69, 0x6E, 0x5C, 0x6D, 0x75, 0x63, 0x68, 0x61, 0x63, 0x64, 0x2E,
	0x65, 0x78, 0x65, 0x0D, 0x0A, 0x73, 0x79, 0x73, 0x63, 0x66, 0x67, 0x2D, 0x64, 0x61, 0x65, 0x6D,
	0x6F, 0x6E, 0x5F, 0x70, 0x69, 0x64, 0x66, 0x69, 0x6C, 0x65, 0x3D, 0x2E, 0x5C, 0x4D, 0x75, 0x63,
	0x68, 0x61, 0x42, 0x69, 0x6E, 0x5C, 0x6D, 0x75, 0x63, 0x68, 0x61, 0x63, 0x64, 0x2E, 0x70, 0x69,
	0x64, 0x0D, 0x0A, 0x73, 0x79, 0x73, 0x63, 0x66, 0x67, 0x2D, 0x64, 0x61, 0x65, 0x6D, 0x6F, 0x6E,
	0x5F, 0x6C, 0x6F, 0x67, 0x66, 0x69, 0x6C, 0x65, 0x3D, 0x2E, 0x5C, 0x4D, 0x75, 0x63, 0x68, 0x61,
	0x42, 0x69, 0x6E, 0x5C, 0x6D, 0x75, 0x63, 0x68, 0x61, 0x63, 0x64, 0x2E, 0x6C, 0x6F, 0x67, 0x0D,
	0x0A, 0x73, 0x79, 0x73, 0x63, 0x66, 0x67, 0x2D, 0x64, 0x61, 0x65, 0x6D, 0x6F, 0x6E, 0x5F, 0x6C,
	0x6F, 0x67, 0x6C, 0x65, 0x76, 0x65, 0x6C, 0x3D, 0x49, 0x4E, 0x46, 0x4F, 0x0D, 0x0A, 0x73, 0x79,
	0x73, 0x63, 0x66, 0x67, 0x2D, 0x64, 0x61, 0x65, 0x6D, 0x6F, 0x6E, 0x5F, 0x6C, 0x69, 0x73, 0x74,
	0x65, 0x6E, 0x3D, 0x74, 0x63, 0x70, 0x3A, 0x30, 0x2E, 0x30, 0x2E, 0x30, 0x2E, 0x30, 0x3A, 0x31,
	0x32, 0x33, 0x34, 0x35, 0x0D, 0x0A, 0x73, 0x79, 0x73, 0x63, 0x66, 0x67, 0x2D, 0x63, 0x6C, 0x69,
	0x65, 0x6E, 0x74, 0x5F, 0x63, 0x6F, 0x6E, 0x6E, 0x65, 0x63, 0x74, 0x3D, 0x74, 0x63, 0x70, 0x3A,
	0x31, 0x32, 0x37, 0x2E, 0x30, 0x2E, 0x30, 0x2E, 0x31, 0x3A, 0x31, 0x32, 0x33, 0x34, 0x35, 0x0D,
	0x0A, 0x0D, 0x0A, 0x5B, 0x4D, 0x75, 0x63, 0x68, 0x61, 0x43, 0x41, 0x43, 0x6F, 0x6E, 0x66, 0x69,
	0x67, 0x5D, 0x0D, 0x0A, 0x3B, 0x3B, 0x20, 0x4D, 0x55, 0x43, 0x48, 0x41, 0x20, 0x94, 0x46, 0x8F,
	0xD8, 0x90, 0xDD, 0x92, 0xE8, 0x0D, 0x0A, 0x63, 0x61, 0x63, 0x66, 0x67, 0x2D, 0x67, 0x61, 0x6D,
	0x65, 0x5F, 0x63, 0x64, 0x3D, 0x57, 0x35, 0x50, 0x31, 0x0D, 0x0A, 0x63, 0x61, 0x63, 0x66, 0x67,
	0x2D, 0x67, 0x61, 0x6D, 0x65, 0x5F, 0x76, 0x65, 0x72, 0x3D, 0x30, 0x30, 0x2E, 0x30, 0x35, 0x0D,
	0x0A, 0x63, 0x61, 0x63, 0x66, 0x67, 0x2D, 0x67, 0x61, 0x6D, 0x65, 0x5F, 0x62, 0x6F, 0x61, 0x72,
	0x64, 0x5F, 0x74, 0x79, 0x70, 0x65, 0x3D, 0x30, 0x0D, 0x0A, 0x63, 0x61, 0x63, 0x66, 0x67, 0x2D,
	0x67, 0x61, 0x6D, 0x65, 0x5F, 0x62, 0x6F, 0x61, 0x72, 0x64, 0x5F, 0x69, 0x64, 0x3D, 0x57, 0x35,
	0x50, 0x0D, 0x0A, 0x63, 0x61, 0x63, 0x66, 0x67, 0x2D, 0x61, 0x75, 0x74, 0x68, 0x5F, 0x73, 0x65,
	0x72, 0x76, 0x65, 0x72, 0x5F, 0x75, 0x72, 0x6C, 0x3D, 0x68, 0x74, 0x74, 0x70, 0x73, 0x3A, 0x2F,
	0x2F, 0x30, 0x2E, 0x30, 0x2E, 0x30, 0x2E, 0x30, 0x3A, 0x31, 0x30, 0x30, 0x38, 0x32, 0x2F, 0x0D,
	0x0A, 0x63, 0x61, 0x63, 0x66, 0x67, 0x2D, 0x61, 0x75, 0x74, 0x68, 0x5F, 0x73, 0x65, 0x72, 0x76,
	0x65, 0x72, 0x5F, 0x73, 0x73, 0x6C, 0x76, 0x65, 0x72, 0x69, 0x66, 0x79, 0x3D, 0x30, 0x0D, 0x0A,
	0x63, 0x61, 0x63, 0x66, 0x67, 0x2D, 0x61, 0x75, 0x74, 0x68, 0x5F, 0x73, 0x65, 0x72, 0x76, 0x65,
	0x72, 0x5F, 0x73, 0x73, 0x6C, 0x63, 0x61, 0x66, 0x69, 0x6C, 0x65, 0x3D, 0x2E, 0x5C, 0x66, 0x72,
	0x6F, 0x6E, 0x74, 0x2E, 0x6D, 0x75, 0x63, 0x68, 0x61, 0x2D, 0x70, 0x72, 0x64, 0x2E, 0x6E, 0x62,
	0x67, 0x69, 0x2D, 0x61, 0x6D, 0x6E, 0x65, 0x74, 0x2E, 0x6A, 0x70, 0x2E, 0x63, 0x61, 0x63, 0x65,
	0x72, 0x74, 0x2E, 0x70, 0x65, 0x6D, 0x0D, 0x0A, 0x63, 0x61, 0x63, 0x66, 0x67, 0x2D, 0x61, 0x75,
	0x74, 0x68, 0x5F, 0x73, 0x65, 0x72, 0x76, 0x65, 0x72, 0x5F, 0x74, 0x69, 0x6D, 0x65, 0x6F, 0x75,
	0x74, 0x3D, 0x36, 0x30, 0x30, 0x0D, 0x0A, 0x63, 0x61, 0x63, 0x66, 0x67, 0x2D, 0x69, 0x6E, 0x74,
	0x65, 0x72, 0x76, 0x61, 0x6C, 0x5F, 0x61, 0x69, 0x6E, 0x66, 0x6F, 0x5F, 0x72, 0x65, 0x6E, 0x65,
	0x77, 0x3D, 0x31, 0x30, 0x0D, 0x0A, 0x63, 0x61, 0x63, 0x66, 0x67, 0x2D, 0x69, 0x6E, 0x74, 0x65,
	0x72, 0x76, 0x61, 0x6C, 0x5F, 0x61, 0x69, 0x6E, 0x66, 0x6F, 0x5F, 0x72, 0x65, 0x74, 0x72, 0x79,
	0x3D, 0x31, 0x30, 0x0D, 0x0A, 0x0D, 0x0A, 0x5B, 0x4D, 0x75, 0x63, 0x68, 0x61, 0x44, 0x74, 0x43,
	0x6F, 0x6E, 0x66, 0x69, 0x67, 0x5D, 0x0D, 0x0A, 0x3B, 0x3B, 0x20, 0x4D, 0x55, 0x43, 0x48, 0x41,
	0x20, 0x83, 0x74, 0x83, 0x40, 0x83, 0x43, 0x83, 0x8B, 0x94, 0x7A, 0x90, 0x4D, 0x20, 0x28, 0x44,
	0x54, 0x29, 0x20, 0x90, 0xDD, 0x92, 0xE8, 0x0D, 0x0A, 0x64, 0x74, 0x63, 0x66, 0x67, 0x2D, 0x64,
	0x6C, 0x5F, 0x70, 0x72, 0x6F, 0x64, 0x75, 0x63, 0x74, 0x5F, 0x69, 0x64, 0x3D, 0x30, 0x78, 0x35,
	0x37, 0x33, 0x35, 0x35, 0x30, 0x33, 0x31, 0x0D, 0x0A, 0x64, 0x74, 0x63, 0x66, 0x67, 0x2D, 0x64,
	0x6C, 0x5F, 0x63, 0x68, 0x75, 0x6E, 0x6B, 0x5F, 0x73, 0x69, 0x7A, 0x65, 0x3D, 0x30, 0x78, 0x31,
	0x30, 0x30, 0x30, 0x30, 0x0D, 0x0A, 0x64, 0x74, 0x63, 0x66, 0x67, 0x2D, 0x64, 0x6C, 0x5F, 0x69,
	0x6D, 0x61, 0x67, 0x65, 0x5F, 0x70, 0x61, 0x74, 0x68, 0x3D, 0x2E, 0x5C, 0x64, 0x6C, 0x5F, 0x69,
	0x6D, 0x61, 0x67, 0x65, 0x0D, 0x0A, 0x64, 0x74, 0x63, 0x66, 0x67, 0x2D, 0x64, 0x6C, 0x5F, 0x69,
	0x6D, 0x61, 0x67, 0x65, 0x5F, 0x73, 0x69, 0x7A, 0x65, 0x3D, 0x30, 0x0D, 0x0A, 0x64, 0x74, 0x63,
	0x66, 0x67, 0x2D, 0x64, 0x6C, 0x5F, 0x69, 0x6D, 0x61, 0x67, 0x65, 0x5F, 0x74, 0x79, 0x70, 0x65,
	0x3D, 0x52, 0x41, 0x57, 0x0D, 0x0A, 0x64, 0x74, 0x63, 0x66, 0x67, 0x2D, 0x64, 0x6C, 0x5F, 0x69,
	0x6D, 0x61, 0x67, 0x65, 0x5F, 0x63, 0x72, 0x79, 0x70, 0x74, 0x5F, 0x6B, 0x65, 0x79, 0x3D, 0x30,
	0x78, 0x31, 0x39, 0x35, 0x33, 0x35, 0x35, 0x32, 0x30, 0x0D, 0x0A, 0x64, 0x74, 0x63, 0x66, 0x67,
	0x2D, 0x64, 0x6C, 0x5F, 0x6C, 0x6F, 0x67, 0x5F, 0x6C, 0x65, 0x76, 0x65, 0x6C, 0x3D, 0x49, 0x4E,
	0x46, 0x4F, 0x0D, 0x0A, 0x64, 0x74, 0x63, 0x66, 0x67, 0x2D, 0x64, 0x6C, 0x5F, 0x6C, 0x61, 0x6E,
	0x5F, 0x63, 0x72, 0x79, 0x70, 0x74, 0x5F, 0x6B, 0x65, 0x79, 0x3D, 0x30, 0x78, 0x37, 0x35, 0x6C,
	0x78, 0x30, 0x31, 0x32, 0x36, 0x73, 0x34, 0x37, 0x36, 0x73, 0x73, 0x33, 0x62, 0x0D, 0x0A, 0x64,
	0x74, 0x63, 0x66, 0x67, 0x2D, 0x64, 0x6C, 0x5F, 0x6C, 0x61, 0x6E, 0x5F, 0x62, 0x72, 0x6F, 0x61,
	0x64, 0x63, 0x61, 0x73, 0x74, 0x5F, 0x69, 0x6E, 0x74, 0x65, 0x72, 0x76, 0x61, 0x6C, 0x3D, 0x31,
	0x30, 0x30, 0x30, 0x0D, 0x0A, 0x64, 0x74, 0x63, 0x66, 0x67, 0x2D, 0x64, 0x6C, 0x5F, 0x6C, 0x61,
	0x6E, 0x5F, 0x75, 0x64, 0x70, 0x5F, 0x70, 0x6F, 0x72, 0x74, 0x3D, 0x38, 0x37, 0x36, 0x35, 0x0D,
	0x0A, 0x64, 0x74, 0x63, 0x66, 0x67, 0x2D, 0x64, 0x6C, 0x5F, 0x6C, 0x61, 0x6E, 0x5F, 0x62, 0x61,
	0x6E, 0x64, 0x77, 0x69, 0x64, 0x74, 0x68, 0x5F, 0x6C, 0x69, 0x6D, 0x69, 0x74, 0x3D, 0x30, 0x0D,
	0x0A, 0x64, 0x74, 0x63, 0x66, 0x67, 0x2D, 0x64, 0x6C, 0x5F, 0x6C, 0x61, 0x6E, 0x5F, 0x62, 0x72,
	0x6F, 0x61, 0x64, 0x63, 0x61, 0x73, 0x74, 0x5F, 0x61, 0x64, 0x64, 0x72, 0x65, 0x73, 0x73, 0x3D,
	0x30, 0x2E, 0x30, 0x2E, 0x30, 0x2E, 0x30, 0x0D, 0x0A, 0x64, 0x74, 0x63, 0x66, 0x67, 0x2D, 0x64,
	0x6C, 0x5F, 0x77, 0x61, 0x6E, 0x5F, 0x72, 0x65, 0x74, 0x72, 0x79, 0x5F, 0x6C, 0x69, 0x6D, 0x69,
	0x74, 0x3D, 0x0D, 0x0A, 0x64, 0x74, 0x63, 0x66, 0x67, 0x2D, 0x64, 0x6C, 0x5F, 0x77, 0x61, 0x6E,
	0x5F, 0x72, 0x65, 0x74, 0x72, 0x79, 0x5F, 0x69, 0x6E, 0x74, 0x65, 0x72, 0x76, 0x61, 0x6C, 0x3D,
	0x0D, 0x0A, 0x64, 0x74, 0x63, 0x66, 0x67, 0x2D, 0x64, 0x6C, 0x5F, 0x77, 0x61, 0x6E, 0x5F, 0x73,
	0x65, 0x6E, 0x64, 0x5F, 0x74, 0x69, 0x6D, 0x65, 0x6F, 0x75, 0x74, 0x3D, 0x0D, 0x0A, 0x64, 0x74,
	0x63, 0x66, 0x67, 0x2D, 0x64, 0x6C, 0x5F, 0x77, 0x61, 0x6E, 0x5F, 0x72, 0x65, 0x63, 0x76, 0x5F,
	0x74, 0x69, 0x6D, 0x65, 0x6F, 0x75, 0x74, 0x3D, 0x0D, 0x0A, 0x64, 0x74, 0x63, 0x66, 0x67, 0x2D,
	0x64, 0x6C, 0x5F, 0x6C, 0x61, 0x6E, 0x5F, 0x72, 0x65, 0x74, 0x72, 0x79, 0x5F, 0x6C, 0x69, 0x6D,
	0x69, 0x74, 0x3D, 0x0D, 0x0A, 0x64, 0x74, 0x63, 0x66, 0x67, 0x2D, 0x64, 0x6C, 0x5F, 0x6C, 0x61,
	0x6E, 0x5F, 0x72, 0x65, 0x74, 0x72, 0x79, 0x5F, 0x69, 0x6E, 0x74, 0x65, 0x72, 0x76, 0x61, 0x6C,
	0x3D, 0x0D, 0x0A, 0x64, 0x74, 0x63, 0x66, 0x67, 0x2D, 0x64, 0x6C, 0x5F, 0x6C, 0x61, 0x6E, 0x5F,
	0x73, 0x65, 0x6E, 0x64, 0x5F, 0x74, 0x69, 0x6D, 0x65, 0x6F, 0x75, 0x74, 0x3D, 0x0D, 0x0A, 0x64,
	0x74, 0x63, 0x66, 0x67, 0x2D, 0x64, 0x6C, 0x5F, 0x6C, 0x61, 0x6E, 0x5F, 0x72, 0x65, 0x63, 0x76,
	0x5F, 0x74, 0x69, 0x6D, 0x65, 0x6F, 0x75, 0x74, 0x3D, 0x0D, 0x0A, 0x0D, 0x0A, 0x5B, 0x4D, 0x75,
	0x63, 0x68, 0x61, 0x44, 0x74, 0x4D, 0x6F, 0x64, 0x65, 0x43, 0x6F, 0x6E, 0x66, 0x69, 0x67, 0x5D,
	0x0D, 0x0A, 0x3B, 0x3B, 0x20, 0x4D, 0x55, 0x43, 0x48, 0x41, 0x20, 0x83, 0x74, 0x83, 0x40, 0x83,
	0x43, 0x83, 0x8B, 0x94, 0x7A, 0x90, 0x4D, 0x83, 0x82, 0x81, 0x5B, 0x83, 0x68, 0x90, 0xDD, 0x92,
	0xE8, 0x0D, 0x0A, 0x64, 0x74, 0x6D, 0x6F, 0x64, 0x65, 0x2D, 0x69, 0x6F, 0x5F, 0x64, 0x69, 0x72,
	0x3D, 0x45, 0x3A, 0x5C, 0x0D, 0x0A, 0x64, 0x74, 0x6D, 0x6F, 0x64, 0x65, 0x2D, 0x69, 0x6F, 0x5F,
	0x66, 0x69, 0x6C, 0x65, 0x3D, 0x57, 0x35, 0x50, 0x31, 0x30, 0x4A, 0x50, 0x4E, 0x0D, 0x0A, 0x64,
	0x74, 0x6D, 0x6F, 0x64, 0x65, 0x2D, 0x69, 0x6F, 0x5F, 0x63, 0x6F, 0x6E, 0x76, 0x3D, 0x44, 0x45,
	0x43, 0x45, 0x58, 0x50, 0x0D, 0x0A, 0x64, 0x74, 0x6D, 0x6F, 0x64, 0x65, 0x2D, 0x69, 0x6F, 0x5F,
	0x70, 0x61, 0x73, 0x73, 0x70, 0x68, 0x72, 0x61, 0x73, 0x65, 0x3D, 0x51, 0x78, 0x38, 0x68, 0x4A,
	0x31, 0x4B, 0x69, 0x6C, 0x77, 0x65, 0x41, 0x70, 0x35, 0x58, 0x6D, 0x0D, 0x0A
};


// 5DX AMConfig
static const unsigned char AMConfig_5DX[] = {
	0x5B, 0x41, 0x4D, 0x55, 0x70, 0x64, 0x61, 0x74, 0x65, 0x72, 0x43, 0x6F, 0x6E, 0x66, 0x69, 0x67,
	0x5D, 0x20, 0x0D, 0x0A, 0x3B, 0x3B, 0x20, 0x41, 0x4D, 0x55, 0x70, 0x64, 0x61, 0x74, 0x65, 0x72,
	0x20, 0x88, 0xEA, 0x94, 0xCA, 0x90, 0xDD, 0x92, 0xE8, 0x0D, 0x0A, 0x61, 0x6D, 0x75, 0x63, 0x66,
	0x67, 0x2D, 0x74, 0x69, 0x74, 0x6C, 0x65, 0x3D, 0x98, 0x70, 0x8A, 0xDD, 0x83, 0x7E, 0x83, 0x62,
	0x83, 0x68, 0x83, 0x69, 0x83, 0x43, 0x83, 0x67, 0x83, 0x7D, 0x83, 0x4C, 0x83, 0x56, 0x83, 0x7D,
	0x83, 0x80, 0x83, 0x60, 0x83, 0x85, 0x81, 0x5B, 0x83, 0x93, 0x35, 0x44, 0x58, 0x0D, 0x0A, 0x61,
	0x6D, 0x75, 0x63, 0x66, 0x67, 0x2D, 0x6C, 0x61, 0x6E, 0x67, 0x3D, 0x4A, 0x50, 0x0D, 0x0A, 0x61,
	0x6D, 0x75, 0x63, 0x66, 0x67, 0x2D, 0x63, 0x6F, 0x75, 0x6E, 0x74, 0x64, 0x6F, 0x77, 0x6E, 0x3D,
	0x35, 0x0D, 0x0A, 0x61, 0x6D, 0x75, 0x63, 0x66, 0x67, 0x2D, 0x68, 0x5F, 0x72, 0x65, 0x73, 0x6F,
	0x6C, 0x3D, 0x31, 0x33, 0x36, 0x30, 0x0D, 0x0A, 0x61, 0x6D, 0x75, 0x63, 0x66, 0x67, 0x2D, 0x76,
	0x5F, 0x72, 0x65, 0x73, 0x6F, 0x6C, 0x3D, 0x37, 0x36, 0x38, 0x0D, 0x0A, 0x61, 0x6D, 0x75, 0x63,
	0x66, 0x67, 0x2D, 0x6C, 0x6F, 0x67, 0x66, 0x69, 0x6C, 0x65, 0x3D, 0x2E, 0x5C, 0x61, 0x6D, 0x75,
	0x70, 0x64, 0x61, 0x74, 0x65, 0x72, 0x2E, 0x6C, 0x6F, 0x67, 0x0D, 0x0A, 0x61, 0x6D, 0x75, 0x63,
	0x66, 0x67, 0x2D, 0x67, 0x61, 0x6D, 0x65, 0x5F, 0x72, 0x65, 0x76, 0x3D, 0x32, 0x0D, 0x0A, 0x0D,
	0x0A, 0x5B, 0x41, 0x4D, 0x41, 0x75, 0x74, 0x68, 0x64, 0x43, 0x6F, 0x6E, 0x66, 0x69, 0x67, 0x5D,
	0x20, 0x0D, 0x0A, 0x3B, 0x3B, 0x20, 0x41, 0x4D, 0x41, 0x75, 0x74, 0x68, 0x64, 0x20, 0x88, 0xEA,
	0x94, 0xCA, 0x90, 0xDD, 0x92, 0xE8, 0x0D, 0x0A, 0x61, 0x6D, 0x64, 0x63, 0x66, 0x67, 0x2D, 0x61,
	0x75, 0x74, 0x68, 0x54, 0x79, 0x70, 0x65, 0x3D, 0x41, 0x4C, 0x4C, 0x2E, 0x4E, 0x45, 0x54, 0x0D,
	0x0A, 0x61, 0x6D, 0x64, 0x63, 0x66, 0x67, 0x2D, 0x73, 0x6C, 0x65, 0x65, 0x70, 0x54, 0x69, 0x6D,
	0x65, 0x3D, 0x35, 0x30, 0x0D, 0x0A, 0x61, 0x6D, 0x64, 0x63, 0x66, 0x67, 0x2D, 0x72, 0x65, 0x73,
	0x6F, 0x4E, 0x61, 0x6D, 0x65, 0x54, 0x69, 0x6D, 0x65, 0x6F, 0x75, 0x74, 0x3D, 0x31, 0x38, 0x30,
	0x0D, 0x0A, 0x61, 0x6D, 0x64, 0x63, 0x66, 0x67, 0x2D, 0x77, 0x72, 0x69, 0x74, 0x61, 0x62, 0x6C,
	0x65, 0x43, 0x6F, 0x6E, 0x66, 0x69, 0x67, 0x3D, 0x2E, 0x5C, 0x57, 0x72, 0x69, 0x74, 0x61, 0x62,
	0x6C, 0x65, 0x43, 0x6F, 0x6E, 0x66, 0x69, 0x67, 0x2E, 0x69, 0x6E, 0x69, 0x0D, 0x0A, 0x61, 0x6D,
	0x64, 0x63, 0x66, 0x67, 0x2D, 0x73, 0x68, 0x6F, 0x77, 0x43, 0x6F, 0x6E, 0x73, 0x6F, 0x6C, 0x65,
	0x3D, 0x45, 0x4E, 0x41, 0x42, 0x4C, 0x45, 0x0D, 0x0A, 0x61, 0x6D, 0x64, 0x63, 0x66, 0x67, 0x2D,
	0x6C, 0x6F, 0x67, 0x66, 0x69, 0x6C, 0x65, 0x3D, 0x0D, 0x0A, 0x61, 0x6D, 0x64, 0x63, 0x66, 0x67,
	0x2D, 0x65, 0x78, 0x70, 0x6F, 0x72, 0x74, 0x5F, 0x6C, 0x6F, 0x67, 0x3D, 0x0D, 0x0A, 0x61, 0x6D,
	0x64, 0x63, 0x66, 0x67, 0x2D, 0x6F, 0x66, 0x66, 0x6C, 0x69, 0x6E, 0x65, 0x4D, 0x6F, 0x64, 0x65,
	0x3D, 0x44, 0x49, 0x53, 0x41, 0x42, 0x4C, 0x45, 0x0D, 0x0A, 0x0D, 0x0A, 0x5B, 0x41, 0x6C, 0x6C,
	0x6E, 0x65, 0x74, 0x43, 0x6F, 0x6E, 0x66, 0x69, 0x67, 0x5D, 0x20, 0x0D, 0x0A, 0x3B, 0x3B, 0x20,
	0x41, 0x4C, 0x4C, 0x2E, 0x4E, 0x65, 0x74, 0x20, 0x88, 0xEA, 0x94, 0xCA, 0x90, 0xDD, 0x92, 0xE8,
	0x0D, 0x0A, 0x61, 0x6C, 0x6C, 0x63, 0x66, 0x67, 0x2D, 0x67, 0x61, 0x6D, 0x65, 0x49, 0x44, 0x3D,
	0x53, 0x42, 0x57, 0x4A, 0x0D, 0x0A, 0x61, 0x6C, 0x6C, 0x63, 0x66, 0x67, 0x2D, 0x67, 0x61, 0x6D,
	0x65, 0x56, 0x65, 0x72, 0x3D, 0x35, 0x2E, 0x30, 0x30, 0x0D, 0x0A, 0x0D, 0x0A, 0x5B, 0x41, 0x6C,
	0x6C, 0x6E, 0x65, 0x74, 0x4F, 0x70, 0x74, 0x69, 0x6F, 0x6E, 0x52, 0x65, 0x76, 0x61, 0x6C, 0x54,
	0x69, 0x6D, 0x65, 0x5D, 0x0D, 0x0A, 0x3B, 0x3B, 0x20, 0x41, 0x4C, 0x4C, 0x2E, 0x4E, 0x65, 0x74,
	0x20, 0x8D, 0xC4, 0x94, 0x46, 0x8F, 0xD8, 0x8E, 0x9E, 0x8D, 0x8F, 0x90, 0xDD, 0x92, 0xE8, 0x0D,
	0x0A, 0x61, 0x6C, 0x6C, 0x6F, 0x70, 0x74, 0x2D, 0x72, 0x65, 0x76, 0x61, 0x6C, 0x5F, 0x68, 0x6F,
	0x75, 0x72, 0x3D, 0x37, 0x0D, 0x0A, 0x61, 0x6C, 0x6C, 0x6F, 0x70, 0x74, 0x2D, 0x72, 0x65, 0x76,
	0x61, 0x6C, 0x5F, 0x6D, 0x69, 0x6E, 0x75, 0x74, 0x65, 0x3D, 0x30, 0x0D, 0x0A, 0x61, 0x6C, 0x6C,
	0x6F, 0x70, 0x74, 0x2D, 0x72, 0x65, 0x76, 0x61, 0x6C, 0x5F, 0x73, 0x65, 0x63, 0x6F, 0x6E, 0x64,
	0x3D, 0x30, 0x0D, 0x0A, 0x0D, 0x0A, 0x5B, 0x41, 0x6C, 0x6C, 0x6E, 0x65, 0x74, 0x4F, 0x70, 0x74,
	0x69, 0x6F, 0x6E, 0x54, 0x69, 0x6D, 0x65, 0x6F, 0x75, 0x74, 0x5D, 0x0D, 0x0A, 0x3B, 0x3B, 0x20,
	0x41, 0x4C, 0x4C, 0x2E, 0x4E, 0x65, 0x74, 0x20, 0x92, 0xCA, 0x90, 0x4D, 0x83, 0x5E, 0x83, 0x43,
	0x83, 0x80, 0x83, 0x41, 0x83, 0x45, 0x83, 0x67, 0x90, 0xDD, 0x92, 0xE8, 0x0D, 0x0A, 0x61, 0x6C,
	0x6C, 0x6F, 0x70, 0x74, 0x2D, 0x74, 0x69, 0x6D, 0x65, 0x6F, 0x75, 0x74, 0x5F, 0x63, 0x6F, 0x6E,
	0x6E, 0x65, 0x63, 0x74, 0x3D, 0x36, 0x30, 0x30, 0x30, 0x30, 0x20, 0x20, 0x0D, 0x0A, 0x61, 0x6C,
	0x6C, 0x6F, 0x70, 0x74, 0x2D, 0x74, 0x69, 0x6D, 0x65, 0x6F, 0x75, 0x74, 0x5F, 0x73, 0x65, 0x6E,
	0x64, 0x3D, 0x36, 0x30, 0x30, 0x30, 0x30, 0x0D, 0x0A, 0x61, 0x6C, 0x6C, 0x6F, 0x70, 0x74, 0x2D,
	0x74, 0x69, 0x6D, 0x65, 0x6F, 0x75, 0x74, 0x5F, 0x72, 0x65, 0x63, 0x76, 0x3D, 0x36, 0x30, 0x30,
	0x30, 0x30, 0x0D, 0x0A, 0x0D, 0x0A, 0x5B, 0x4D, 0x75, 0x63, 0x68, 0x61, 0x41, 0x70, 0x70, 0x43,
	0x6F, 0x6E, 0x66, 0x69, 0x67, 0x5D, 0x0D, 0x0A, 0x3B, 0x3B, 0x20, 0x6D, 0x75, 0x63, 0x68, 0x61,
	0x5F, 0x61, 0x70, 0x70, 0x20, 0x90, 0xDD, 0x92, 0xE8, 0x0D, 0x0A, 0x61, 0x70, 0x70, 0x63, 0x66,
	0x67, 0x2D, 0x6C, 0x6F, 0x67, 0x66, 0x69, 0x6C, 0x65, 0x3D, 0x2E, 0x5C, 0x6D, 0x75, 0x63, 0x68,
	0x61, 0x61, 0x70, 0x70, 0x2E, 0x6C, 0x6F, 0x67, 0x0D, 0x0A, 0x61, 0x70, 0x70, 0x63, 0x66, 0x67,
	0x2D, 0x6C, 0x6F, 0x67, 0x6C, 0x65, 0x76, 0x65, 0x6C, 0x3D, 0x49, 0x4E, 0x46, 0x4F, 0x0D, 0x0A,
	0x0D, 0x0A, 0x5B, 0x4D, 0x75, 0x63, 0x68, 0x61, 0x53, 0x79, 0x73, 0x43, 0x6F, 0x6E, 0x66, 0x69,
	0x67, 0x5D, 0x0D, 0x0A, 0x3B, 0x3B, 0x20, 0x4D, 0x55, 0x43, 0x48, 0x41, 0x20, 0x83, 0x56, 0x83,
	0x58, 0x83, 0x65, 0x83, 0x80, 0x90, 0xDD, 0x92, 0xE8, 0x0D, 0x0A, 0x73, 0x79, 0x73, 0x63, 0x66,
	0x67, 0x2D, 0x64, 0x61, 0x65, 0x6D, 0x6F, 0x6E, 0x5F, 0x65, 0x78, 0x65, 0x3D, 0x2E, 0x5C, 0x4D,
	0x75, 0x63, 0x68, 0x61, 0x42, 0x69, 0x6E, 0x5C, 0x6D, 0x75, 0x63, 0x68, 0x61, 0x63, 0x64, 0x2E,
	0x65, 0x78, 0x65, 0x0D, 0x0A, 0x73, 0x79, 0x73, 0x63, 0x66, 0x67, 0x2D, 0x64, 0x61, 0x65, 0x6D,
	0x6F, 0x6E, 0x5F, 0x70, 0x69, 0x64, 0x66, 0x69, 0x6C, 0x65, 0x3D, 0x2E, 0x5C, 0x6D, 0x75, 0x63,
	0x68, 0x61, 0x63, 0x64, 0x2E, 0x70, 0x69, 0x64, 0x0D, 0x0A, 0x73, 0x79, 0x73, 0x63, 0x66, 0x67,
	0x2D, 0x64, 0x61, 0x65, 0x6D, 0x6F, 0x6E, 0x5F, 0x6C, 0x6F, 0x67, 0x66, 0x69, 0x6C, 0x65, 0x3D,
	0x2E, 0x5C, 0x6D, 0x75, 0x63, 0x68, 0x61, 0x63, 0x64, 0x2E, 0x6C, 0x6F, 0x67, 0x0D, 0x0A, 0x73,
	0x79, 0x73, 0x63, 0x66, 0x67, 0x2D, 0x64, 0x61, 0x65, 0x6D, 0x6F, 0x6E, 0x5F, 0x6C, 0x6F, 0x67,
	0x6C, 0x65, 0x76, 0x65, 0x6C, 0x3D, 0x49, 0x4E, 0x46, 0x4F, 0x0D, 0x0A, 0x73, 0x79, 0x73, 0x63,
	0x66, 0x67, 0x2D, 0x64, 0x61, 0x65, 0x6D, 0x6F, 0x6E, 0x5F, 0x6C, 0x69, 0x73, 0x74, 0x65, 0x6E,
	0x3D, 0x74, 0x63, 0x70, 0x3A, 0x30, 0x2E, 0x30, 0x2E, 0x30, 0x2E, 0x30, 0x3A, 0x31, 0x32, 0x33,
	0x34, 0x35, 0x0D, 0x0A, 0x73, 0x79, 0x73, 0x63, 0x66, 0x67, 0x2D, 0x63, 0x6C, 0x69, 0x65, 0x6E,
	0x74, 0x5F, 0x63, 0x6F, 0x6E, 0x6E, 0x65, 0x63, 0x74, 0x3D, 0x74, 0x63, 0x70, 0x3A, 0x31, 0x32,
	0x37, 0x2E, 0x30, 0x2E, 0x30, 0x2E, 0x31, 0x3A, 0x31, 0x32, 0x33, 0x34, 0x35, 0x0D, 0x0A, 0x0D,
	0x0A, 0x5B, 0x4D, 0x75, 0x63, 0x68, 0x61, 0x43, 0x41, 0x43, 0x6F, 0x6E, 0x66, 0x69, 0x67, 0x5D,
	0x0D, 0x0A, 0x3B, 0x3B, 0x20, 0x4D, 0x55, 0x43, 0x48, 0x41, 0x20, 0x94, 0x46, 0x8F, 0xD8, 0x90,
	0xDD, 0x92, 0xE8, 0x0D, 0x0A, 0x63, 0x61, 0x63, 0x66, 0x67, 0x2D, 0x67, 0x61, 0x6D, 0x65, 0x5F,
	0x63, 0x64, 0x3D, 0x57, 0x35, 0x58, 0x31, 0x0D, 0x0A, 0x63, 0x61, 0x63, 0x66, 0x67, 0x2D, 0x67,
	0x61, 0x6D, 0x65, 0x5F, 0x76, 0x65, 0x72, 0x3D, 0x30, 0x30, 0x2E, 0x30, 0x32, 0x0D, 0x0A, 0x63,
	0x61, 0x63, 0x66, 0x67, 0x2D, 0x67, 0x61, 0x6D, 0x65, 0x5F, 0x62, 0x6F, 0x61, 0x72, 0x64, 0x5F,
	0x74, 0x79, 0x70, 0x65, 0x3D, 0x30, 0x0D, 0x0A, 0x63, 0x61, 0x63, 0x66, 0x67, 0x2D, 0x67, 0x61,
	0x6D, 0x65, 0x5F, 0x62, 0x6F, 0x61, 0x72, 0x64, 0x5F, 0x69, 0x64, 0x3D, 0x57, 0x35, 0x58, 0x0D,
	0x0A, 0x63, 0x61, 0x63, 0x66, 0x67, 0x2D, 0x61, 0x75, 0x74, 0x68, 0x5F, 0x73, 0x65, 0x72, 0x76,
	0x65, 0x72, 0x5F, 0x75, 0x72, 0x6C, 0x3D, 0x68, 0x74, 0x74, 0x70, 0x73, 0x3A, 0x2F, 0x2F, 0x30,
	0x2E, 0x30, 0x2E, 0x30, 0x2E, 0x30, 0x3A, 0x31, 0x30, 0x30, 0x38, 0x32, 0x2F, 0x0D, 0x0A, 0x63,
	0x61, 0x63, 0x66, 0x67, 0x2D, 0x61, 0x75, 0x74, 0x68, 0x5F, 0x73, 0x65, 0x72, 0x76, 0x65, 0x72,
	0x5F, 0x73, 0x73, 0x6C, 0x76, 0x65, 0x72, 0x69, 0x66, 0x79, 0x3D, 0x30, 0x0D, 0x0A, 0x63, 0x61,
	0x63, 0x66, 0x67, 0x2D, 0x61, 0x75, 0x74, 0x68, 0x5F, 0x73, 0x65, 0x72, 0x76, 0x65, 0x72, 0x5F,
	0x73, 0x73, 0x6C, 0x63, 0x61, 0x66, 0x69, 0x6C, 0x65, 0x3D, 0x2E, 0x5C, 0x66, 0x72, 0x6F, 0x6E,
	0x74, 0x2E, 0x6D, 0x75, 0x63, 0x68, 0x61, 0x2D, 0x70, 0x72, 0x64, 0x2E, 0x6E, 0x62, 0x67, 0x69,
	0x2D, 0x61, 0x6D, 0x6E, 0x65, 0x74, 0x2E, 0x6A, 0x70, 0x2E, 0x63, 0x61, 0x63, 0x65, 0x72, 0x74,
	0x2E, 0x70, 0x65, 0x6D, 0x0D, 0x0A, 0x63, 0x61, 0x63, 0x66, 0x67, 0x2D, 0x61, 0x75, 0x74, 0x68,
	0x5F, 0x73, 0x65, 0x72, 0x76, 0x65, 0x72, 0x5F, 0x74, 0x69, 0x6D, 0x65, 0x6F, 0x75, 0x74, 0x3D,
	0x33, 0x30, 0x30, 0x0D, 0x0A, 0x63, 0x61, 0x63, 0x66, 0x67, 0x2D, 0x69, 0x6E, 0x74, 0x65, 0x72,
	0x76, 0x61, 0x6C, 0x5F, 0x61, 0x69, 0x6E, 0x66, 0x6F, 0x5F, 0x72, 0x65, 0x6E, 0x65, 0x77, 0x3D,
	0x31, 0x38, 0x30, 0x30, 0x0D, 0x0A, 0x63, 0x61, 0x63, 0x66, 0x67, 0x2D, 0x69, 0x6E, 0x74, 0x65,
	0x72, 0x76, 0x61, 0x6C, 0x5F, 0x61, 0x69, 0x6E, 0x66, 0x6F, 0x5F, 0x72, 0x65, 0x74, 0x72, 0x79,
	0x3D, 0x36, 0x30, 0x0D, 0x0A, 0x0D, 0x0A, 0x5B, 0x4D, 0x75, 0x63, 0x68, 0x61, 0x44, 0x74, 0x43,
	0x6F, 0x6E, 0x66, 0x69, 0x67, 0x5D, 0x0D, 0x0A, 0x3B, 0x3B, 0x20, 0x4D, 0x55, 0x43, 0x48, 0x41,
	0x20, 0x83, 0x74, 0x83, 0x40, 0x83, 0x43, 0x83, 0x8B, 0x94, 0x7A, 0x90, 0x4D, 0x20, 0x28, 0x44,
	0x54, 0x29, 0x20, 0x90, 0xDD, 0x92, 0xE8, 0x0D, 0x0A, 0x64, 0x74, 0x63, 0x66, 0x67, 0x2D, 0x64,
	0x6C, 0x5F, 0x70, 0x72, 0x6F, 0x64, 0x75, 0x63, 0x74, 0x5F, 0x69, 0x64, 0x3D, 0x30, 0x78, 0x35,
	0x37, 0x33, 0x35, 0x35, 0x38, 0x33, 0x31, 0x0D, 0x0A, 0x64, 0x74, 0x63, 0x66, 0x67, 0x2D, 0x64,
	0x6C, 0x5F, 0x63, 0x68, 0x75, 0x6E, 0x6B, 0x5F, 0x73, 0x69, 0x7A, 0x65, 0x3D, 0x30, 0x78, 0x31,
	0x30, 0x30, 0x30, 0x30, 0x0D, 0x0A, 0x64, 0x74, 0x63, 0x66, 0x67, 0x2D, 0x64, 0x6C, 0x5F, 0x69,
	0x6D, 0x61, 0x67, 0x65, 0x5F, 0x70, 0x61, 0x74, 0x68, 0x3D, 0x2E, 0x5C, 0x64, 0x6C, 0x5F, 0x69,
	0x6D, 0x61, 0x67, 0x65, 0x0D, 0x0A, 0x64, 0x74, 0x63, 0x66, 0x67, 0x2D, 0x64, 0x6C, 0x5F, 0x69,
	0x6D, 0x61, 0x67, 0x65, 0x5F, 0x73, 0x69, 0x7A, 0x65, 0x3D, 0x30, 0x0D, 0x0A, 0x64, 0x74, 0x63,
	0x66, 0x67, 0x2D, 0x64, 0x6C, 0x5F, 0x69, 0x6D, 0x61, 0x67, 0x65, 0x5F, 0x74, 0x79, 0x70, 0x65,
	0x3D, 0x52, 0x41, 0x57, 0x0D, 0x0A, 0x64, 0x74, 0x63, 0x66, 0x67, 0x2D, 0x64, 0x6C, 0x5F, 0x69,
	0x6D, 0x61, 0x67, 0x65, 0x5F, 0x63, 0x72, 0x79, 0x70, 0x74, 0x5F, 0x6B, 0x65, 0x79, 0x3D, 0x30,
	0x78, 0x34, 0x35, 0x35, 0x32, 0x30, 0x39, 0x31, 0x33, 0x0D, 0x0A, 0x64, 0x74, 0x63, 0x66, 0x67,
	0x2D, 0x64, 0x6C, 0x5F, 0x6C, 0x6F, 0x67, 0x5F, 0x6C, 0x65, 0x76, 0x65, 0x6C, 0x3D, 0x49, 0x4E,
	0x46, 0x4F, 0x0D, 0x0A, 0x64, 0x74, 0x63, 0x66, 0x67, 0x2D, 0x64, 0x6C, 0x5F, 0x6C, 0x61, 0x6E,
	0x5F, 0x63, 0x72, 0x79, 0x70, 0x74, 0x5F, 0x6B, 0x65, 0x79, 0x3D, 0x30, 0x78, 0x66, 0x7A, 0x32,
	0x36, 0x73, 0x37, 0x32, 0x30, 0x31, 0x6D, 0x36, 0x38, 0x39, 0x35, 0x32, 0x78, 0x0D, 0x0A, 0x64,
	0x74, 0x63, 0x66, 0x67, 0x2D, 0x64, 0x6C, 0x5F, 0x6C, 0x61, 0x6E, 0x5F, 0x62, 0x72, 0x6F, 0x61,
	0x64, 0x63, 0x61, 0x73, 0x74, 0x5F, 0x69, 0x6E, 0x74, 0x65, 0x72, 0x76, 0x61, 0x6C, 0x3D, 0x31,
	0x30, 0x30, 0x30, 0x0D, 0x0A, 0x64, 0x74, 0x63, 0x66, 0x67, 0x2D, 0x64, 0x6C, 0x5F, 0x6C, 0x61,
	0x6E, 0x5F, 0x75, 0x64, 0x70, 0x5F, 0x70, 0x6F, 0x72, 0x74, 0x3D, 0x38, 0x37, 0x36, 0x35, 0x0D,
	0x0A, 0x64, 0x74, 0x63, 0x66, 0x67, 0x2D, 0x64, 0x6C, 0x5F, 0x6C, 0x61, 0x6E, 0x5F, 0x62, 0x61,
	0x6E, 0x64, 0x77, 0x69, 0x64, 0x74, 0x68, 0x5F, 0x6C, 0x69, 0x6D, 0x69, 0x74, 0x3D, 0x30, 0x0D,
	0x0A, 0x64, 0x74, 0x63, 0x66, 0x67, 0x2D, 0x64, 0x6C, 0x5F, 0x6C, 0x61, 0x6E, 0x5F, 0x62, 0x72,
	0x6F, 0x61, 0x64, 0x63, 0x61, 0x73, 0x74, 0x5F, 0x61, 0x64, 0x64, 0x72, 0x65, 0x73, 0x73, 0x3D,
	0x30, 0x2E, 0x30, 0x2E, 0x30, 0x2E, 0x30, 0x0D, 0x0A, 0x64, 0x74, 0x63, 0x66, 0x67, 0x2D, 0x64,
	0x6C, 0x5F, 0x77, 0x61, 0x6E, 0x5F, 0x72, 0x65, 0x74, 0x72, 0x79, 0x5F, 0x6C, 0x69, 0x6D, 0x69,
	0x74, 0x3D, 0x0D, 0x0A, 0x64, 0x74, 0x63, 0x66, 0x67, 0x2D, 0x64, 0x6C, 0x5F, 0x77, 0x61, 0x6E,
	0x5F, 0x72, 0x65, 0x74, 0x72, 0x79, 0x5F, 0x69, 0x6E, 0x74, 0x65, 0x72, 0x76, 0x61, 0x6C, 0x3D,
	0x0D, 0x0A, 0x64, 0x74, 0x63, 0x66, 0x67, 0x2D, 0x64, 0x6C, 0x5F, 0x77, 0x61, 0x6E, 0x5F, 0x73,
	0x65, 0x6E, 0x64, 0x5F, 0x74, 0x69, 0x6D, 0x65, 0x6F, 0x75, 0x74, 0x3D, 0x0D, 0x0A, 0x64, 0x74,
	0x63, 0x66, 0x67, 0x2D, 0x64, 0x6C, 0x5F, 0x77, 0x61, 0x6E, 0x5F, 0x72, 0x65, 0x63, 0x76, 0x5F,
	0x74, 0x69, 0x6D, 0x65, 0x6F, 0x75, 0x74, 0x3D, 0x0D, 0x0A, 0x64, 0x74, 0x63, 0x66, 0x67, 0x2D,
	0x64, 0x6C, 0x5F, 0x6C, 0x61, 0x6E, 0x5F, 0x72, 0x65, 0x74, 0x72, 0x79, 0x5F, 0x6C, 0x69, 0x6D,
	0x69, 0x74, 0x3D, 0x0D, 0x0A, 0x64, 0x74, 0x63, 0x66, 0x67, 0x2D, 0x64, 0x6C, 0x5F, 0x6C, 0x61,
	0x6E, 0x5F, 0x72, 0x65, 0x74, 0x72, 0x79, 0x5F, 0x69, 0x6E, 0x74, 0x65, 0x72, 0x76, 0x61, 0x6C,
	0x3D, 0x0D, 0x0A, 0x64, 0x74, 0x63, 0x66, 0x67, 0x2D, 0x64, 0x6C, 0x5F, 0x6C, 0x61, 0x6E, 0x5F,
	0x73, 0x65, 0x6E, 0x64, 0x5F, 0x74, 0x69, 0x6D, 0x65, 0x6F, 0x75, 0x74, 0x3D, 0x0D, 0x0A, 0x64,
	0x74, 0x63, 0x66, 0x67, 0x2D, 0x64, 0x6C, 0x5F, 0x6C, 0x61, 0x6E, 0x5F, 0x72, 0x65, 0x63, 0x76,
	0x5F, 0x74, 0x69, 0x6D, 0x65, 0x6F, 0x75, 0x74, 0x3D, 0x0D, 0x0A, 0x0D, 0x0A, 0x5B, 0x4D, 0x75,
	0x63, 0x68, 0x61, 0x44, 0x74, 0x4D, 0x6F, 0x64, 0x65, 0x43, 0x6F, 0x6E, 0x66, 0x69, 0x67, 0x5D,
	0x0D, 0x0A, 0x3B, 0x3B, 0x20, 0x4D, 0x55, 0x43, 0x48, 0x41, 0x20, 0x83, 0x74, 0x83, 0x40, 0x83,
	0x43, 0x83, 0x8B, 0x94, 0x7A, 0x90, 0x4D, 0x83, 0x82, 0x81, 0x5B, 0x83, 0x68, 0x90, 0xDD, 0x92,
	0xE8, 0x0D, 0x0A, 0x64, 0x74, 0x6D, 0x6F, 0x64, 0x65, 0x2D, 0x69, 0x6F, 0x5F, 0x64, 0x69, 0x72,
	0x3D, 0x45, 0x3A, 0x5C, 0x0D, 0x0A, 0x64, 0x74, 0x6D, 0x6F, 0x64, 0x65, 0x2D, 0x69, 0x6F, 0x5F,
	0x66, 0x69, 0x6C, 0x65, 0x3D, 0x57, 0x35, 0x58, 0x31, 0x30, 0x4A, 0x50, 0x4E, 0x0D, 0x0A, 0x64,
	0x74, 0x6D, 0x6F, 0x64, 0x65, 0x2D, 0x69, 0x6F, 0x5F, 0x63, 0x6F, 0x6E, 0x76, 0x3D, 0x44, 0x45,
	0x43, 0x45, 0x58, 0x50, 0x0D, 0x0A, 0x64, 0x74, 0x6D, 0x6F, 0x64, 0x65, 0x2D, 0x69, 0x6F, 0x5F,
	0x70, 0x61, 0x73, 0x73, 0x70, 0x68, 0x72, 0x61, 0x73, 0x65, 0x3D, 0x51, 0x78, 0x38, 0x68, 0x4A,
	0x31, 0x4B, 0x69, 0x6C, 0x77, 0x65, 0x41, 0x70, 0x35, 0x58, 0x6D, 0x0D, 0x0A
};


// 5DX (Rev 2.08) AMConfig
static const unsigned char AMConfig_5DX_08[] = {
	0x5B, 0x41, 0x4D, 0x55, 0x70, 0x64, 0x61, 0x74, 0x65, 0x72, 0x43, 0x6F, 0x6E, 0x66, 0x69, 0x67,
	0x5D, 0x20, 0x0D, 0x0A, 0x3B, 0x3B, 0x20, 0x41, 0x4D, 0x55, 0x70, 0x64, 0x61, 0x74, 0x65, 0x72,
	0x20, 0x88, 0xEA, 0x94, 0xCA, 0x90, 0xDD, 0x92, 0xE8, 0x0D, 0x0A, 0x61, 0x6D, 0x75, 0x63, 0x66,
	0x67, 0x2D, 0x74, 0x69, 0x74, 0x6C, 0x65, 0x3D, 0x98, 0x70, 0x8A, 0xDD, 0x83, 0x7E, 0x83, 0x62,
	0x83, 0x68, 0x83, 0x69, 0x83, 0x43, 0x83, 0x67, 0x83, 0x7D, 0x83, 0x4C, 0x83, 0x56, 0x83, 0x7D,
	0x83, 0x80, 0x83, 0x60, 0x83, 0x85, 0x81, 0x5B, 0x83, 0x93, 0x35, 0x44, 0x58, 0x0D, 0x0A, 0x61,
	0x6D, 0x75, 0x63, 0x66, 0x67, 0x2D, 0x6C, 0x61, 0x6E, 0x67, 0x3D, 0x4A, 0x50, 0x0D, 0x0A, 0x61,
	0x6D, 0x75, 0x63, 0x66, 0x67, 0x2D, 0x63, 0x6F, 0x75, 0x6E, 0x74, 0x64, 0x6F, 0x77, 0x6E, 0x3D,
	0x35, 0x0D, 0x0A, 0x61, 0x6D, 0x75, 0x63, 0x66, 0x67, 0x2D, 0x68, 0x5F, 0x72, 0x65, 0x73, 0x6F,
	0x6C, 0x3D, 0x31, 0x33, 0x36, 0x30, 0x0D, 0x0A, 0x61, 0x6D, 0x75, 0x63, 0x66, 0x67, 0x2D, 0x76,
	0x5F, 0x72, 0x65, 0x73, 0x6F, 0x6C, 0x3D, 0x37, 0x36, 0x38, 0x0D, 0x0A, 0x61, 0x6D, 0x75, 0x63,
	0x66, 0x67, 0x2D, 0x6C, 0x6F, 0x67, 0x66, 0x69, 0x6C, 0x65, 0x3D, 0x2E, 0x5C, 0x61, 0x6D, 0x75,
	0x70, 0x64, 0x61, 0x74, 0x65, 0x72, 0x2E, 0x6C, 0x6F, 0x67, 0x0D, 0x0A, 0x61, 0x6D, 0x75, 0x63,
	0x66, 0x67, 0x2D, 0x67, 0x61, 0x6D, 0x65, 0x5F, 0x72, 0x65, 0x76, 0x3D, 0x32, 0x0D, 0x0A, 0x0D,
	0x0A, 0x5B, 0x41, 0x4D, 0x41, 0x75, 0x74, 0x68, 0x64, 0x43, 0x6F, 0x6E, 0x66, 0x69, 0x67, 0x5D,
	0x20, 0x0D, 0x0A, 0x3B, 0x3B, 0x20, 0x41, 0x4D, 0x41, 0x75, 0x74, 0x68, 0x64, 0x20, 0x88, 0xEA,
	0x94, 0xCA, 0x90, 0xDD, 0x92, 0xE8, 0x0D, 0x0A, 0x61, 0x6D, 0x64, 0x63, 0x66, 0x67, 0x2D, 0x61,
	0x75, 0x74, 0x68, 0x54, 0x79, 0x70, 0x65, 0x3D, 0x41, 0x4C, 0x4C, 0x2E, 0x4E, 0x45, 0x54, 0x0D,
	0x0A, 0x61, 0x6D, 0x64, 0x63, 0x66, 0x67, 0x2D, 0x73, 0x6C, 0x65, 0x65, 0x70, 0x54, 0x69, 0x6D,
	0x65, 0x3D, 0x35, 0x30, 0x0D, 0x0A, 0x61, 0x6D, 0x64, 0x63, 0x66, 0x67, 0x2D, 0x72, 0x65, 0x73,
	0x6F, 0x4E, 0x61, 0x6D, 0x65, 0x54, 0x69, 0x6D, 0x65, 0x6F, 0x75, 0x74, 0x3D, 0x31, 0x38, 0x30,
	0x0D, 0x0A, 0x61, 0x6D, 0x64, 0x63, 0x66, 0x67, 0x2D, 0x77, 0x72, 0x69, 0x74, 0x61, 0x62, 0x6C,
	0x65, 0x43, 0x6F, 0x6E, 0x66, 0x69, 0x67, 0x3D, 0x2E, 0x5C, 0x57, 0x72, 0x69, 0x74, 0x61, 0x62,
	0x6C, 0x65, 0x43, 0x6F, 0x6E, 0x66, 0x69, 0x67, 0x2E, 0x69, 0x6E, 0x69, 0x0D, 0x0A, 0x61, 0x6D,
	0x64, 0x63, 0x66, 0x67, 0x2D, 0x73, 0x68, 0x6F, 0x77, 0x43, 0x6F, 0x6E, 0x73, 0x6F, 0x6C, 0x65,
	0x3D, 0x45, 0x4E, 0x41, 0x42, 0x4C, 0x45, 0x0D, 0x0A, 0x61, 0x6D, 0x64, 0x63, 0x66, 0x67, 0x2D,
	0x6C, 0x6F, 0x67, 0x66, 0x69, 0x6C, 0x65, 0x3D, 0x0D, 0x0A, 0x61, 0x6D, 0x64, 0x63, 0x66, 0x67,
	0x2D, 0x65, 0x78, 0x70, 0x6F, 0x72, 0x74, 0x5F, 0x6C, 0x6F, 0x67, 0x3D, 0x0D, 0x0A, 0x61, 0x6D,
	0x64, 0x63, 0x66, 0x67, 0x2D, 0x6F, 0x66, 0x66, 0x6C, 0x69, 0x6E, 0x65, 0x4D, 0x6F, 0x64, 0x65,
	0x3D, 0x44, 0x49, 0x53, 0x41, 0x42, 0x4C, 0x45, 0x0D, 0x0A, 0x0D, 0x0A, 0x5B, 0x41, 0x6C, 0x6C,
	0x6E, 0x65, 0x74, 0x43, 0x6F, 0x6E, 0x66, 0x69, 0x67, 0x5D, 0x20, 0x0D, 0x0A, 0x3B, 0x3B, 0x20,
	0x41, 0x4C, 0x4C, 0x2E, 0x4E, 0x65, 0x74, 0x20, 0x88, 0xEA, 0x94, 0xCA, 0x90, 0xDD, 0x92, 0xE8,
	0x0D, 0x0A, 0x61, 0x6C, 0x6C, 0x63, 0x66, 0x67, 0x2D, 0x67, 0x61, 0x6D, 0x65, 0x49, 0x44, 0x3D,
	0x53, 0x42, 0x57, 0x4A, 0x0D, 0x0A, 0x61, 0x6C, 0x6C, 0x63, 0x66, 0x67, 0x2D, 0x67, 0x61, 0x6D,
	0x65, 0x56, 0x65, 0x72, 0x3D, 0x35, 0x2E, 0x30, 0x30, 0x0D, 0x0A, 0x0D, 0x0A, 0x5B, 0x41, 0x6C,
	0x6C, 0x6E, 0x65, 0x74, 0x4F, 0x70, 0x74, 0x69, 0x6F, 0x6E, 0x52, 0x65, 0x76, 0x61, 0x6C, 0x54,
	0x69, 0x6D, 0x65, 0x5D, 0x0D, 0x0A, 0x3B, 0x3B, 0x20, 0x41, 0x4C, 0x4C, 0x2E, 0x4E, 0x65, 0x74,
	0x20, 0x8D, 0xC4, 0x94, 0x46, 0x8F, 0xD8, 0x8E, 0x9E, 0x8D, 0x8F, 0x90, 0xDD, 0x92, 0xE8, 0x0D,
	0x0A, 0x61, 0x6C, 0x6C, 0x6F, 0x70, 0x74, 0x2D, 0x72, 0x65, 0x76, 0x61, 0x6C, 0x5F, 0x68, 0x6F,
	0x75, 0x72, 0x3D, 0x37, 0x0D, 0x0A, 0x61, 0x6C, 0x6C, 0x6F, 0x70, 0x74, 0x2D, 0x72, 0x65, 0x76,
	0x61, 0x6C, 0x5F, 0x6D, 0x69, 0x6E, 0x75, 0x74, 0x65, 0x3D, 0x30, 0x0D, 0x0A, 0x61, 0x6C, 0x6C,
	0x6F, 0x70, 0x74, 0x2D, 0x72, 0x65, 0x76, 0x61, 0x6C, 0x5F, 0x73, 0x65, 0x63, 0x6F, 0x6E, 0x64,
	0x3D, 0x30, 0x0D, 0x0A, 0x0D, 0x0A, 0x5B, 0x41, 0x6C, 0x6C, 0x6E, 0x65, 0x74, 0x4F, 0x70, 0x74,
	0x69, 0x6F, 0x6E, 0x54, 0x69, 0x6D, 0x65, 0x6F, 0x75, 0x74, 0x5D, 0x0D, 0x0A, 0x3B, 0x3B, 0x20,
	0x41, 0x4C, 0x4C, 0x2E, 0x4E, 0x65, 0x74, 0x20, 0x92, 0xCA, 0x90, 0x4D, 0x83, 0x5E, 0x83, 0x43,
	0x83, 0x80, 0x83, 0x41, 0x83, 0x45, 0x83, 0x67, 0x90, 0xDD, 0x92, 0xE8, 0x0D, 0x0A, 0x61, 0x6C,
	0x6C, 0x6F, 0x70, 0x74, 0x2D, 0x74, 0x69, 0x6D, 0x65, 0x6F, 0x75, 0x74, 0x5F, 0x63, 0x6F, 0x6E,
	0x6E, 0x65, 0x63, 0x74, 0x3D, 0x36, 0x30, 0x30, 0x30, 0x30, 0x20, 0x20, 0x0D, 0x0A, 0x61, 0x6C,
	0x6C, 0x6F, 0x70, 0x74, 0x2D, 0x74, 0x69, 0x6D, 0x65, 0x6F, 0x75, 0x74, 0x5F, 0x73, 0x65, 0x6E,
	0x64, 0x3D, 0x36, 0x30, 0x30, 0x30, 0x30, 0x0D, 0x0A, 0x61, 0x6C, 0x6C, 0x6F, 0x70, 0x74, 0x2D,
	0x74, 0x69, 0x6D, 0x65, 0x6F, 0x75, 0x74, 0x5F, 0x72, 0x65, 0x63, 0x76, 0x3D, 0x36, 0x30, 0x30,
	0x30, 0x30, 0x0D, 0x0A, 0x0D, 0x0A, 0x5B, 0x4D, 0x75, 0x63, 0x68, 0x61, 0x41, 0x70, 0x70, 0x43,
	0x6F, 0x6E, 0x66, 0x69, 0x67, 0x5D, 0x0D, 0x0A, 0x3B, 0x3B, 0x20, 0x6D, 0x75, 0x63, 0x68, 0x61,
	0x5F, 0x61, 0x70, 0x70, 0x20, 0x90, 0xDD, 0x92, 0xE8, 0x0D, 0x0A, 0x61, 0x70, 0x70, 0x63, 0x66,
	0x67, 0x2D, 0x6C, 0x6F, 0x67, 0x66, 0x69, 0x6C, 0x65, 0x3D, 0x2E, 0x5C, 0x6D, 0x75, 0x63, 0x68,
	0x61, 0x61, 0x70, 0x70, 0x2E, 0x6C, 0x6F, 0x67, 0x0D, 0x0A, 0x61, 0x70, 0x70, 0x63, 0x66, 0x67,
	0x2D, 0x6C, 0x6F, 0x67, 0x6C, 0x65, 0x76, 0x65, 0x6C, 0x3D, 0x49, 0x4E, 0x46, 0x4F, 0x0D, 0x0A,
	0x0D, 0x0A, 0x5B, 0x4D, 0x75, 0x63, 0x68, 0x61, 0x53, 0x79, 0x73, 0x43, 0x6F, 0x6E, 0x66, 0x69,
	0x67, 0x5D, 0x0D, 0x0A, 0x3B, 0x3B, 0x20, 0x4D, 0x55, 0x43, 0x48, 0x41, 0x20, 0x83, 0x56, 0x83,
	0x58, 0x83, 0x65, 0x83, 0x80, 0x90, 0xDD, 0x92, 0xE8, 0x0D, 0x0A, 0x73, 0x79, 0x73, 0x63, 0x66,
	0x67, 0x2D, 0x64, 0x61, 0x65, 0x6D, 0x6F, 0x6E, 0x5F, 0x65, 0x78, 0x65, 0x3D, 0x2E, 0x5C, 0x4D,
	0x75, 0x63, 0x68, 0x61, 0x42, 0x69, 0x6E, 0x5C, 0x6D, 0x75, 0x63, 0x68, 0x61, 0x63, 0x64, 0x2E,
	0x65, 0x78, 0x65, 0x0D, 0x0A, 0x73, 0x79, 0x73, 0x63, 0x66, 0x67, 0x2D, 0x64, 0x61, 0x65, 0x6D,
	0x6F, 0x6E, 0x5F, 0x70, 0x69, 0x64, 0x66, 0x69, 0x6C, 0x65, 0x3D, 0x2E, 0x5C, 0x6D, 0x75, 0x63,
	0x68, 0x61, 0x63, 0x64, 0x2E, 0x70, 0x69, 0x64, 0x0D, 0x0A, 0x73, 0x79, 0x73, 0x63, 0x66, 0x67,
	0x2D, 0x64, 0x61, 0x65, 0x6D, 0x6F, 0x6E, 0x5F, 0x6C, 0x6F, 0x67, 0x66, 0x69, 0x6C, 0x65, 0x3D,
	0x2E, 0x5C, 0x6D, 0x75, 0x63, 0x68, 0x61, 0x63, 0x64, 0x2E, 0x6C, 0x6F, 0x67, 0x0D, 0x0A, 0x73,
	0x79, 0x73, 0x63, 0x66, 0x67, 0x2D, 0x64, 0x61, 0x65, 0x6D, 0x6F, 0x6E, 0x5F, 0x6C, 0x6F, 0x67,
	0x6C, 0x65, 0x76, 0x65, 0x6C, 0x3D, 0x49, 0x4E, 0x46, 0x4F, 0x0D, 0x0A, 0x73, 0x79, 0x73, 0x63,
	0x66, 0x67, 0x2D, 0x64, 0x61, 0x65, 0x6D, 0x6F, 0x6E, 0x5F, 0x6C, 0x69, 0x73, 0x74, 0x65, 0x6E,
	0x3D, 0x74, 0x63, 0x70, 0x3A, 0x30, 0x2E, 0x30, 0x2E, 0x30, 0x2E, 0x30, 0x3A, 0x31, 0x32, 0x33,
	0x34, 0x35, 0x0D, 0x0A, 0x73, 0x79, 0x73, 0x63, 0x66, 0x67, 0x2D, 0x63, 0x6C, 0x69, 0x65, 0x6E,
	0x74, 0x5F, 0x63, 0x6F, 0x6E, 0x6E, 0x65, 0x63, 0x74, 0x3D, 0x74, 0x63, 0x70, 0x3A, 0x31, 0x32,
	0x37, 0x2E, 0x30, 0x2E, 0x30, 0x2E, 0x31, 0x3A, 0x31, 0x32, 0x33, 0x34, 0x35, 0x0D, 0x0A, 0x0D,
	0x0A, 0x5B, 0x4D, 0x75, 0x63, 0x68, 0x61, 0x43, 0x41, 0x43, 0x6F, 0x6E, 0x66, 0x69, 0x67, 0x5D,
	0x0D, 0x0A, 0x3B, 0x3B, 0x20, 0x4D, 0x55, 0x43, 0x48, 0x41, 0x20, 0x94, 0x46, 0x8F, 0xD8, 0x90,
	0xDD, 0x92, 0xE8, 0x0D, 0x0A, 0x63, 0x61, 0x63, 0x66, 0x67, 0x2D, 0x67, 0x61, 0x6D, 0x65, 0x5F,
	0x63, 0x64, 0x3D, 0x57, 0x35, 0x58, 0x31, 0x0D, 0x0A, 0x63, 0x61, 0x63, 0x66, 0x67, 0x2D, 0x67,
	0x61, 0x6D, 0x65, 0x5F, 0x76, 0x65, 0x72, 0x3D, 0x30, 0x38, 0x2E, 0x31, 0x37, 0x0D, 0x0A, 0x63,
	0x61, 0x63, 0x66, 0x67, 0x2D, 0x67, 0x61, 0x6D, 0x65, 0x5F, 0x62, 0x6F, 0x61, 0x72, 0x64, 0x5F,
	0x74, 0x79, 0x70, 0x65, 0x3D, 0x30, 0x0D, 0x0A, 0x63, 0x61, 0x63, 0x66, 0x67, 0x2D, 0x67, 0x61,
	0x6D, 0x65, 0x5F, 0x62, 0x6F, 0x61, 0x72, 0x64, 0x5F, 0x69, 0x64, 0x3D, 0x57, 0x35, 0x58, 0x0D,
	0x0A, 0x63, 0x61, 0x63, 0x66, 0x67, 0x2D, 0x61, 0x75, 0x74, 0x68, 0x5F, 0x73, 0x65, 0x72, 0x76,
	0x65, 0x72, 0x5F, 0x75, 0x72, 0x6C, 0x3D, 0x68, 0x74, 0x74, 0x70, 0x73, 0x3A, 0x2F, 0x2F, 0x30,
	0x2E, 0x30, 0x2E, 0x30, 0x2E, 0x30, 0x3A, 0x31, 0x30, 0x30, 0x38, 0x32, 0x2F, 0x0D, 0x0A, 0x63,
	0x61, 0x63, 0x66, 0x67, 0x2D, 0x61, 0x75, 0x74, 0x68, 0x5F, 0x73, 0x65, 0x72, 0x76, 0x65, 0x72,
	0x5F, 0x73, 0x73, 0x6C, 0x76, 0x65, 0x72, 0x69, 0x66, 0x79, 0x3D, 0x30, 0x0D, 0x0A, 0x63, 0x61,
	0x63, 0x66, 0x67, 0x2D, 0x61, 0x75, 0x74, 0x68, 0x5F, 0x73, 0x65, 0x72, 0x76, 0x65, 0x72, 0x5F,
	0x73, 0x73, 0x6C, 0x63, 0x61, 0x66, 0x69, 0x6C, 0x65, 0x3D, 0x2E, 0x5C, 0x66, 0x72, 0x6F, 0x6E,
	0x74, 0x2E, 0x6D, 0x75, 0x63, 0x68, 0x61, 0x2D, 0x70, 0x72, 0x64, 0x2E, 0x6E, 0x62, 0x67, 0x69,
	0x2D, 0x61, 0x6D, 0x6E, 0x65, 0x74, 0x2E, 0x6A, 0x70, 0x2E, 0x63, 0x61, 0x63, 0x65, 0x72, 0x74,
	0x2E, 0x70, 0x65, 0x6D, 0x0D, 0x0A, 0x63, 0x61, 0x63, 0x66, 0x67, 0x2D, 0x61, 0x75, 0x74, 0x68,
	0x5F, 0x73, 0x65, 0x72, 0x76, 0x65, 0x72, 0x5F, 0x74, 0x69, 0x6D, 0x65, 0x6F, 0x75, 0x74, 0x3D,
	0x33, 0x30, 0x30, 0x0D, 0x0A, 0x63, 0x61, 0x63, 0x66, 0x67, 0x2D, 0x69, 0x6E, 0x74, 0x65, 0x72,
	0x76, 0x61, 0x6C, 0x5F, 0x61, 0x69, 0x6E, 0x66, 0x6F, 0x5F, 0x72, 0x65, 0x6E, 0x65, 0x77, 0x3D,
	0x31, 0x38, 0x30, 0x30, 0x0D, 0x0A, 0x63, 0x61, 0x63, 0x66, 0x67, 0x2D, 0x69, 0x6E, 0x74, 0x65,
	0x72, 0x76, 0x61, 0x6C, 0x5F, 0x61, 0x69, 0x6E, 0x66, 0x6F, 0x5F, 0x72, 0x65, 0x74, 0x72, 0x79,
	0x3D, 0x36, 0x30, 0x0D, 0x0A, 0x0D, 0x0A, 0x5B, 0x4D, 0x75, 0x63, 0x68, 0x61, 0x44, 0x74, 0x43,
	0x6F, 0x6E, 0x66, 0x69, 0x67, 0x5D, 0x0D, 0x0A, 0x3B, 0x3B, 0x20, 0x4D, 0x55, 0x43, 0x48, 0x41,
	0x20, 0x83, 0x74, 0x83, 0x40, 0x83, 0x43, 0x83, 0x8B, 0x94, 0x7A, 0x90, 0x4D, 0x20, 0x28, 0x44,
	0x54, 0x29, 0x20, 0x90, 0xDD, 0x92, 0xE8, 0x0D, 0x0A, 0x64, 0x74, 0x63, 0x66, 0x67, 0x2D, 0x64,
	0x6C, 0x5F, 0x70, 0x72, 0x6F, 0x64, 0x75, 0x63, 0x74, 0x5F, 0x69, 0x64, 0x3D, 0x30, 0x78, 0x35,
	0x37, 0x33, 0x35, 0x35, 0x38, 0x33, 0x31, 0x0D, 0x0A, 0x64, 0x74, 0x63, 0x66, 0x67, 0x2D, 0x64,
	0x6C, 0x5F, 0x63, 0x68, 0x75, 0x6E, 0x6B, 0x5F, 0x73, 0x69, 0x7A, 0x65, 0x3D, 0x30, 0x78, 0x31,
	0x30, 0x30, 0x30, 0x30, 0x0D, 0x0A, 0x64, 0x74, 0x63, 0x66, 0x67, 0x2D, 0x64, 0x6C, 0x5F, 0x69,
	0x6D, 0x61, 0x67, 0x65, 0x5F, 0x70, 0x61, 0x74, 0x68, 0x3D, 0x2E, 0x2F, 0x64, 0x6C, 0x5F, 0x69,
	0x6D, 0x61, 0x67, 0x65, 0x0D, 0x0A, 0x64, 0x74, 0x63, 0x66, 0x67, 0x2D, 0x64, 0x6C, 0x5F, 0x69,
	0x6D, 0x61, 0x67, 0x65, 0x5F, 0x73, 0x69, 0x7A, 0x65, 0x3D, 0x30, 0x0D, 0x0A, 0x64, 0x74, 0x63,
	0x66, 0x67, 0x2D, 0x64, 0x6C, 0x5F, 0x69, 0x6D, 0x61, 0x67, 0x65, 0x5F, 0x74, 0x79, 0x70, 0x65,
	0x3D, 0x52, 0x41, 0x57, 0x0D, 0x0A, 0x64, 0x74, 0x63, 0x66, 0x67, 0x2D, 0x64, 0x6C, 0x5F, 0x69,
	0x6D, 0x61, 0x67, 0x65, 0x5F, 0x63, 0x72, 0x79, 0x70, 0x74, 0x5F, 0x6B, 0x65, 0x79, 0x3D, 0x30,
	0x78, 0x34, 0x35, 0x35, 0x32, 0x30, 0x39, 0x31, 0x33, 0x0D, 0x0A, 0x64, 0x74, 0x63, 0x66, 0x67,
	0x2D, 0x64, 0x6C, 0x5F, 0x6C, 0x6F, 0x67, 0x5F, 0x6C, 0x65, 0x76, 0x65, 0x6C, 0x3D, 0x49, 0x4E,
	0x46, 0x4F, 0x0D, 0x0A, 0x64, 0x74, 0x63, 0x66, 0x67, 0x2D, 0x64, 0x6C, 0x5F, 0x6C, 0x61, 0x6E,
	0x5F, 0x63, 0x72, 0x79, 0x70, 0x74, 0x5F, 0x6B, 0x65, 0x79, 0x3D, 0x30, 0x78, 0x66, 0x7A, 0x32,
	0x36, 0x73, 0x37, 0x32, 0x30, 0x31, 0x6D, 0x36, 0x38, 0x39, 0x35, 0x32, 0x78, 0x0D, 0x0A, 0x64,
	0x74, 0x63, 0x66, 0x67, 0x2D, 0x64, 0x6C, 0x5F, 0x6C, 0x61, 0x6E, 0x5F, 0x62, 0x72, 0x6F, 0x61,
	0x64, 0x63, 0x61, 0x73, 0x74, 0x5F, 0x69, 0x6E, 0x74, 0x65, 0x72, 0x76, 0x61, 0x6C, 0x3D, 0x31,
	0x30, 0x30, 0x30, 0x0D, 0x0A, 0x64, 0x74, 0x63, 0x66, 0x67, 0x2D, 0x64, 0x6C, 0x5F, 0x6C, 0x61,
	0x6E, 0x5F, 0x75, 0x64, 0x70, 0x5F, 0x70, 0x6F, 0x72, 0x74, 0x3D, 0x38, 0x37, 0x36, 0x35, 0x0D,
	0x0A, 0x64, 0x74, 0x63, 0x66, 0x67, 0x2D, 0x64, 0x6C, 0x5F, 0x6C, 0x61, 0x6E, 0x5F, 0x62, 0x61,
	0x6E, 0x64, 0x77, 0x69, 0x64, 0x74, 0x68, 0x5F, 0x6C, 0x69, 0x6D, 0x69, 0x74, 0x3D, 0x30, 0x0D,
	0x0A, 0x64, 0x74, 0x63, 0x66, 0x67, 0x2D, 0x64, 0x6C, 0x5F, 0x6C, 0x61, 0x6E, 0x5F, 0x62, 0x72,
	0x6F, 0x61, 0x64, 0x63, 0x61, 0x73, 0x74, 0x5F, 0x61, 0x64, 0x64, 0x72, 0x65, 0x73, 0x73, 0x3D,
	0x30, 0x2E, 0x30, 0x2E, 0x30, 0x2E, 0x30, 0x0D, 0x0A, 0x64, 0x74, 0x63, 0x66, 0x67, 0x2D, 0x64,
	0x6C, 0x5F, 0x77, 0x61, 0x6E, 0x5F, 0x72, 0x65, 0x74, 0x72, 0x79, 0x5F, 0x6C, 0x69, 0x6D, 0x69,
	0x74, 0x3D, 0x0D, 0x0A, 0x64, 0x74, 0x63, 0x66, 0x67, 0x2D, 0x64, 0x6C, 0x5F, 0x77, 0x61, 0x6E,
	0x5F, 0x72, 0x65, 0x74, 0x72, 0x79, 0x5F, 0x69, 0x6E, 0x74, 0x65, 0x72, 0x76, 0x61, 0x6C, 0x3D,
	0x0D, 0x0A, 0x64, 0x74, 0x63, 0x66, 0x67, 0x2D, 0x64, 0x6C, 0x5F, 0x77, 0x61, 0x6E, 0x5F, 0x73,
	0x65, 0x6E, 0x64, 0x5F, 0x74, 0x69, 0x6D, 0x65, 0x6F, 0x75, 0x74, 0x3D, 0x0D, 0x0A, 0x64, 0x74,
	0x63, 0x66, 0x67, 0x2D, 0x64, 0x6C, 0x5F, 0x77, 0x61, 0x6E, 0x5F, 0x72, 0x65, 0x63, 0x76, 0x5F,
	0x74, 0x69, 0x6D, 0x65, 0x6F, 0x75, 0x74, 0x3D, 0x0D, 0x0A, 0x64, 0x74, 0x63, 0x66, 0x67, 0x2D,
	0x64, 0x6C, 0x5F, 0x6C, 0x61, 0x6E, 0x5F, 0x72, 0x65, 0x74, 0x72, 0x79, 0x5F, 0x6C, 0x69, 0x6D,
	0x69, 0x74, 0x3D, 0x0D, 0x0A, 0x64, 0x74, 0x63, 0x66, 0x67, 0x2D, 0x64, 0x6C, 0x5F, 0x6C, 0x61,
	0x6E, 0x5F, 0x72, 0x65, 0x74, 0x72, 0x79, 0x5F, 0x69, 0x6E, 0x74, 0x65, 0x72, 0x76, 0x61, 0x6C,
	0x3D, 0x0D, 0x0A, 0x64, 0x74, 0x63, 0x66, 0x67, 0x2D, 0x64, 0x6C, 0x5F, 0x6C, 0x61, 0x6E, 0x5F,
	0x73, 0x65, 0x6E, 0x64, 0x5F, 0x74, 0x69, 0x6D, 0x65, 0x6F, 0x75, 0x74, 0x3D, 0x0D, 0x0A, 0x64,
	0x74, 0x63, 0x66, 0x67, 0x2D, 0x64, 0x6C, 0x5F, 0x6C, 0x61, 0x6E, 0x5F, 0x72, 0x65, 0x63, 0x76,
	0x5F, 0x74, 0x69, 0x6D, 0x65, 0x6F, 0x75, 0x74, 0x3D, 0x0D, 0x0A, 0x0D, 0x0A, 0x5B, 0x4D, 0x75,
	0x63, 0x68, 0x61, 0x44, 0x74, 0x4D, 0x6F, 0x64, 0x65, 0x43, 0x6F, 0x6E, 0x66, 0x69, 0x67, 0x5D,
	0x0D, 0x0A, 0x3B, 0x3B, 0x20, 0x4D, 0x55, 0x43, 0x48, 0x41, 0x20, 0x83, 0x74, 0x83, 0x40, 0x83,
	0x43, 0x83, 0x8B, 0x94, 0x7A, 0x90, 0x4D, 0x83, 0x82, 0x81, 0x5B, 0x83, 0x68, 0x90, 0xDD, 0x92,
	0xE8, 0x0D, 0x0A, 0x64, 0x74, 0x6D, 0x6F, 0x64, 0x65, 0x2D, 0x69, 0x6F, 0x5F, 0x64, 0x69, 0x72,
	0x3D, 0x2E, 0x2F, 0x0D, 0x0A, 0x64, 0x74, 0x6D, 0x6F, 0x64, 0x65, 0x2D, 0x69, 0x6F, 0x5F, 0x66,
	0x69, 0x6C, 0x65, 0x3D, 0x57, 0x35, 0x58, 0x31, 0x30, 0x4A, 0x50, 0x4E, 0x0D, 0x0A, 0x64, 0x74,
	0x6D, 0x6F, 0x64, 0x65, 0x2D, 0x69, 0x6F, 0x5F, 0x63, 0x6F, 0x6E, 0x76, 0x3D, 0x44, 0x45, 0x43,
	0x45, 0x58, 0x50, 0x0D, 0x0A, 0x64, 0x74, 0x6D, 0x6F, 0x64, 0x65, 0x2D, 0x69, 0x6F, 0x5F, 0x70,
	0x61, 0x73, 0x73, 0x70, 0x68, 0x72, 0x61, 0x73, 0x65, 0x3D, 0x51, 0x78, 0x38, 0x68, 0x4A, 0x31,
	0x4B, 0x69, 0x6C, 0x77, 0x65, 0x41, 0x70, 0x35, 0x58, 0x6D, 0x0D, 0x0A
};


// MT5 AMConfig
static const unsigned char AMConfig_5[] = {
	0x5B, 0x41, 0x4D, 0x55, 0x70, 0x64, 0x61, 0x74, 0x65, 0x72, 0x43, 0x6F, 0x6E, 0x66, 0x69, 0x67,
	0x5D, 0x20, 0x0D, 0x0A, 0x3B, 0x3B, 0x20, 0x41, 0x4D, 0x55, 0x70, 0x64, 0x61, 0x74, 0x65, 0x72,
	0x20, 0x88, 0xEA, 0x94, 0xCA, 0x90, 0xDD, 0x92, 0xE8, 0x0D, 0x0A, 0x61, 0x6D, 0x75, 0x63, 0x66,
	0x67, 0x2D, 0x74, 0x69, 0x74, 0x6C, 0x65, 0x3D, 0x98, 0x70, 0x8A, 0xDD, 0x83, 0x7E, 0x83, 0x62,
	0x83, 0x68, 0x83, 0x69, 0x83, 0x43, 0x83, 0x67, 0x83, 0x7D, 0x83, 0x4C, 0x83, 0x56, 0x83, 0x7D,
	0x83, 0x80, 0x83, 0x60, 0x83, 0x85, 0x81, 0x5B, 0x83, 0x93, 0x35, 0x0D, 0x0A, 0x61, 0x6D, 0x75,
	0x63, 0x66, 0x67, 0x2D, 0x6C, 0x61, 0x6E, 0x67, 0x3D, 0x4A, 0x50, 0x0D, 0x0A, 0x61, 0x6D, 0x75,
	0x63, 0x66, 0x67, 0x2D, 0x63, 0x6F, 0x75, 0x6E, 0x74, 0x64, 0x6F, 0x77, 0x6E, 0x3D, 0x35, 0x0D,
	0x0A, 0x61, 0x6D, 0x75, 0x63, 0x66, 0x67, 0x2D, 0x68, 0x5F, 0x72, 0x65, 0x73, 0x6F, 0x6C, 0x3D,
	0x31, 0x33, 0x36, 0x30, 0x0D, 0x0A, 0x61, 0x6D, 0x75, 0x63, 0x66, 0x67, 0x2D, 0x76, 0x5F, 0x72,
	0x65, 0x73, 0x6F, 0x6C, 0x3D, 0x37, 0x36, 0x38, 0x0D, 0x0A, 0x61, 0x6D, 0x75, 0x63, 0x66, 0x67,
	0x2D, 0x6C, 0x6F, 0x67, 0x66, 0x69, 0x6C, 0x65, 0x3D, 0x2E, 0x5C, 0x61, 0x6D, 0x75, 0x70, 0x64,
	0x61, 0x74, 0x65, 0x72, 0x2E, 0x6C, 0x6F, 0x67, 0x0D, 0x0A, 0x61, 0x6D, 0x75, 0x63, 0x66, 0x67,
	0x2D, 0x67, 0x61, 0x6D, 0x65, 0x5F, 0x72, 0x65, 0x76, 0x3D, 0x31, 0x0D, 0x0A, 0x0D, 0x0A, 0x5B,
	0x41, 0x4D, 0x41, 0x75, 0x74, 0x68, 0x64, 0x43, 0x6F, 0x6E, 0x66, 0x69, 0x67, 0x5D, 0x20, 0x0D,
	0x0A, 0x3B, 0x3B, 0x20, 0x41, 0x4D, 0x41, 0x75, 0x74, 0x68, 0x64, 0x20, 0x88, 0xEA, 0x94, 0xCA,
	0x90, 0xDD, 0x92, 0xE8, 0x0D, 0x0A, 0x61, 0x6D, 0x64, 0x63, 0x66, 0x67, 0x2D, 0x61, 0x75, 0x74,
	0x68, 0x54, 0x79, 0x70, 0x65, 0x3D, 0x41, 0x4C, 0x4C, 0x2E, 0x4E, 0x45, 0x54, 0x0D, 0x0A, 0x61,
	0x6D, 0x64, 0x63, 0x66, 0x67, 0x2D, 0x73, 0x6C, 0x65, 0x65, 0x70, 0x54, 0x69, 0x6D, 0x65, 0x3D,
	0x35, 0x30, 0x0D, 0x0A, 0x61, 0x6D, 0x64, 0x63, 0x66, 0x67, 0x2D, 0x72, 0x65, 0x73, 0x6F, 0x4E,
	0x61, 0x6D, 0x65, 0x54, 0x69, 0x6D, 0x65, 0x6F, 0x75, 0x74, 0x3D, 0x31, 0x38, 0x30, 0x0D, 0x0A,
	0x61, 0x6D, 0x64, 0x63, 0x66, 0x67, 0x2D, 0x77, 0x72, 0x69, 0x74, 0x61, 0x62, 0x6C, 0x65, 0x43,
	0x6F, 0x6E, 0x66, 0x69, 0x67, 0x3D, 0x2E, 0x5C, 0x57, 0x72, 0x69, 0x74, 0x61, 0x62, 0x6C, 0x65,
	0x43, 0x6F, 0x6E, 0x66, 0x69, 0x67, 0x2E, 0x69, 0x6E, 0x69, 0x0D, 0x0A, 0x61, 0x6D, 0x64, 0x63,
	0x66, 0x67, 0x2D, 0x73, 0x68, 0x6F, 0x77, 0x43, 0x6F, 0x6E, 0x73, 0x6F, 0x6C, 0x65, 0x3D, 0x45,
	0x4E, 0x41, 0x42, 0x4C, 0x45, 0x0D, 0x0A, 0x61, 0x6D, 0x64, 0x63, 0x66, 0x67, 0x2D, 0x6C, 0x6F,
	0x67, 0x66, 0x69, 0x6C, 0x65, 0x3D, 0x0D, 0x0A, 0x61, 0x6D, 0x64, 0x63, 0x66, 0x67, 0x2D, 0x65,
	0x78, 0x70, 0x6F, 0x72, 0x74, 0x5F, 0x6C, 0x6F, 0x67, 0x3D, 0x0D, 0x0A, 0x61, 0x6D, 0x64, 0x63,
	0x66, 0x67, 0x2D, 0x6F, 0x66, 0x66, 0x6C, 0x69, 0x6E, 0x65, 0x4D, 0x6F, 0x64, 0x65, 0x3D, 0x44,
	0x49, 0x53, 0x41, 0x42, 0x4C, 0x45, 0x0D, 0x0A, 0x0D, 0x0A, 0x5B, 0x41, 0x6C, 0x6C, 0x6E, 0x65,
	0x74, 0x43, 0x6F, 0x6E, 0x66, 0x69, 0x67, 0x5D, 0x20, 0x0D, 0x0A, 0x3B, 0x3B, 0x20, 0x41, 0x4C,
	0x4C, 0x2E, 0x4E, 0x65, 0x74, 0x20, 0x88, 0xEA, 0x94, 0xCA, 0x90, 0xDD, 0x92, 0xE8, 0x0D, 0x0A,
	0x61, 0x6C, 0x6C, 0x63, 0x66, 0x67, 0x2D, 0x67, 0x61, 0x6D, 0x65, 0x49, 0x44, 0x3D, 0x53, 0x42,
	0x57, 0x4A, 0x0D, 0x0A, 0x61, 0x6C, 0x6C, 0x63, 0x66, 0x67, 0x2D, 0x67, 0x61, 0x6D, 0x65, 0x56,
	0x65, 0x72, 0x3D, 0x35, 0x2E, 0x30, 0x30, 0x0D, 0x0A, 0x0D, 0x0A, 0x5B, 0x41, 0x6C, 0x6C, 0x6E,
	0x65, 0x74, 0x4F, 0x70, 0x74, 0x69, 0x6F, 0x6E, 0x52, 0x65, 0x76, 0x61, 0x6C, 0x54, 0x69, 0x6D,
	0x65, 0x5D, 0x0D, 0x0A, 0x3B, 0x3B, 0x20, 0x41, 0x4C, 0x4C, 0x2E, 0x4E, 0x65, 0x74, 0x20, 0x8D,
	0xC4, 0x94, 0x46, 0x8F, 0xD8, 0x8E, 0x9E, 0x8D, 0x8F, 0x90, 0xDD, 0x92, 0xE8, 0x0D, 0x0A, 0x61,
	0x6C, 0x6C, 0x6F, 0x70, 0x74, 0x2D, 0x72, 0x65, 0x76, 0x61, 0x6C, 0x5F, 0x68, 0x6F, 0x75, 0x72,
	0x3D, 0x37, 0x0D, 0x0A, 0x61, 0x6C, 0x6C, 0x6F, 0x70, 0x74, 0x2D, 0x72, 0x65, 0x76, 0x61, 0x6C,
	0x5F, 0x6D, 0x69, 0x6E, 0x75, 0x74, 0x65, 0x3D, 0x30, 0x0D, 0x0A, 0x61, 0x6C, 0x6C, 0x6F, 0x70,
	0x74, 0x2D, 0x72, 0x65, 0x76, 0x61, 0x6C, 0x5F, 0x73, 0x65, 0x63, 0x6F, 0x6E, 0x64, 0x3D, 0x30,
	0x0D, 0x0A, 0x0D, 0x0A, 0x5B, 0x41, 0x6C, 0x6C, 0x6E, 0x65, 0x74, 0x4F, 0x70, 0x74, 0x69, 0x6F,
	0x6E, 0x54, 0x69, 0x6D, 0x65, 0x6F, 0x75, 0x74, 0x5D, 0x0D, 0x0A, 0x3B, 0x3B, 0x20, 0x41, 0x4C,
	0x4C, 0x2E, 0x4E, 0x65, 0x74, 0x20, 0x92, 0xCA, 0x90, 0x4D, 0x83, 0x5E, 0x83, 0x43, 0x83, 0x80,
	0x83, 0x41, 0x83, 0x45, 0x83, 0x67, 0x90, 0xDD, 0x92, 0xE8, 0x0D, 0x0A, 0x61, 0x6C, 0x6C, 0x6F,
	0x70, 0x74, 0x2D, 0x74, 0x69, 0x6D, 0x65, 0x6F, 0x75, 0x74, 0x5F, 0x63, 0x6F, 0x6E, 0x6E, 0x65,
	0x63, 0x74, 0x3D, 0x36, 0x30, 0x30, 0x30, 0x30, 0x20, 0x20, 0x0D, 0x0A, 0x61, 0x6C, 0x6C, 0x6F,
	0x70, 0x74, 0x2D, 0x74, 0x69, 0x6D, 0x65, 0x6F, 0x75, 0x74, 0x5F, 0x73, 0x65, 0x6E, 0x64, 0x3D,
	0x36, 0x30, 0x30, 0x30, 0x30, 0x0D, 0x0A, 0x61, 0x6C, 0x6C, 0x6F, 0x70, 0x74, 0x2D, 0x74, 0x69,
	0x6D, 0x65, 0x6F, 0x75, 0x74, 0x5F, 0x72, 0x65, 0x63, 0x76, 0x3D, 0x36, 0x30, 0x30, 0x30, 0x30,
	0x0D, 0x0A, 0x0D, 0x0A, 0x5B, 0x4D, 0x75, 0x63, 0x68, 0x61, 0x41, 0x70, 0x70, 0x43, 0x6F, 0x6E,
	0x66, 0x69, 0x67, 0x5D, 0x0D, 0x0A, 0x3B, 0x3B, 0x20, 0x6D, 0x75, 0x63, 0x68, 0x61, 0x5F, 0x61,
	0x70, 0x70, 0x20, 0x90, 0xDD, 0x92, 0xE8, 0x0D, 0x0A, 0x61, 0x70, 0x70, 0x63, 0x66, 0x67, 0x2D,
	0x6C, 0x6F, 0x67, 0x66, 0x69, 0x6C, 0x65, 0x3D, 0x2E, 0x5C, 0x6D, 0x75, 0x63, 0x68, 0x61, 0x61,
	0x70, 0x70, 0x2E, 0x6C, 0x6F, 0x67, 0x0D, 0x0A, 0x61, 0x70, 0x70, 0x63, 0x66, 0x67, 0x2D, 0x6C,
	0x6F, 0x67, 0x6C, 0x65, 0x76, 0x65, 0x6C, 0x3D, 0x49, 0x4E, 0x46, 0x4F, 0x0D, 0x0A, 0x0D, 0x0A,
	0x5B, 0x4D, 0x75, 0x63, 0x68, 0x61, 0x53, 0x79, 0x73, 0x43, 0x6F, 0x6E, 0x66, 0x69, 0x67, 0x5D,
	0x0D, 0x0A, 0x3B, 0x3B, 0x20, 0x4D, 0x55, 0x43, 0x48, 0x41, 0x20, 0x83, 0x56, 0x83, 0x58, 0x83,
	0x65, 0x83, 0x80, 0x90, 0xDD, 0x92, 0xE8, 0x0D, 0x0A, 0x73, 0x79, 0x73, 0x63, 0x66, 0x67, 0x2D,
	0x64, 0x61, 0x65, 0x6D, 0x6F, 0x6E, 0x5F, 0x65, 0x78, 0x65, 0x3D, 0x2E, 0x5C, 0x4D, 0x75, 0x63,
	0x68, 0x61, 0x42, 0x69, 0x6E, 0x5C, 0x6D, 0x75, 0x63, 0x68, 0x61, 0x63, 0x64, 0x2E, 0x65, 0x78,
	0x65, 0x0D, 0x0A, 0x73, 0x79, 0x73, 0x63, 0x66, 0x67, 0x2D, 0x64, 0x61, 0x65, 0x6D, 0x6F, 0x6E,
	0x5F, 0x70, 0x69, 0x64, 0x66, 0x69, 0x6C, 0x65, 0x3D, 0x2E, 0x5C, 0x6D, 0x75, 0x63, 0x68, 0x61,
	0x63, 0x64, 0x2E, 0x70, 0x69, 0x64, 0x0D, 0x0A, 0x73, 0x79, 0x73, 0x63, 0x66, 0x67, 0x2D, 0x64,
	0x61, 0x65, 0x6D, 0x6F, 0x6E, 0x5F, 0x6C, 0x6F, 0x67, 0x66, 0x69, 0x6C, 0x65, 0x3D, 0x2E, 0x5C,
	0x6D, 0x75, 0x63, 0x68, 0x61, 0x63, 0x64, 0x2E, 0x6C, 0x6F, 0x67, 0x0D, 0x0A, 0x73, 0x79, 0x73,
	0x63, 0x66, 0x67, 0x2D, 0x64, 0x61, 0x65, 0x6D, 0x6F, 0x6E, 0x5F, 0x6C, 0x6F, 0x67, 0x6C, 0x65,
	0x76, 0x65, 0x6C, 0x3D, 0x49, 0x4E, 0x46, 0x4F, 0x0D, 0x0A, 0x73, 0x79, 0x73, 0x63, 0x66, 0x67,
	0x2D, 0x64, 0x61, 0x65, 0x6D, 0x6F, 0x6E, 0x5F, 0x6C, 0x69, 0x73, 0x74, 0x65, 0x6E, 0x3D, 0x74,
	0x63, 0x70, 0x3A, 0x30, 0x2E, 0x30, 0x2E, 0x30, 0x2E, 0x30, 0x3A, 0x31, 0x32, 0x33, 0x34, 0x35,
	0x0D, 0x0A, 0x73, 0x79, 0x73, 0x63, 0x66, 0x67, 0x2D, 0x63, 0x6C, 0x69, 0x65, 0x6E, 0x74, 0x5F,
	0x63, 0x6F, 0x6E, 0x6E, 0x65, 0x63, 0x74, 0x3D, 0x74, 0x63, 0x70, 0x3A, 0x31, 0x32, 0x37, 0x2E,
	0x30, 0x2E, 0x30, 0x2E, 0x31, 0x3A, 0x31, 0x32, 0x33, 0x34, 0x35, 0x0D, 0x0A, 0x0D, 0x0A, 0x5B,
	0x4D, 0x75, 0x63, 0x68, 0x61, 0x43, 0x41, 0x43, 0x6F, 0x6E, 0x66, 0x69, 0x67, 0x5D, 0x0D, 0x0A,
	0x3B, 0x3B, 0x20, 0x4D, 0x55, 0x43, 0x48, 0x41, 0x20, 0x94, 0x46, 0x8F, 0xD8, 0x90, 0xDD, 0x92,
	0xE8, 0x0D, 0x0A, 0x63, 0x61, 0x63, 0x66, 0x67, 0x2D, 0x67, 0x61, 0x6D, 0x65, 0x5F, 0x63, 0x64,
	0x3D, 0x57, 0x4D, 0x35, 0x31, 0x0D, 0x0A, 0x63, 0x61, 0x63, 0x66, 0x67, 0x2D, 0x67, 0x61, 0x6D,
	0x65, 0x5F, 0x76, 0x65, 0x72, 0x3D, 0x30, 0x30, 0x2E, 0x30, 0x32, 0x0D, 0x0A, 0x63, 0x61, 0x63,
	0x66, 0x67, 0x2D, 0x67, 0x61, 0x6D, 0x65, 0x5F, 0x62, 0x6F, 0x61, 0x72, 0x64, 0x5F, 0x74, 0x79,
	0x70, 0x65, 0x3D, 0x30, 0x0D, 0x0A, 0x63, 0x61, 0x63, 0x66, 0x67, 0x2D, 0x67, 0x61, 0x6D, 0x65,
	0x5F, 0x62, 0x6F, 0x61, 0x72, 0x64, 0x5F, 0x69, 0x64, 0x3D, 0x57, 0x4D, 0x35, 0x0D, 0x0A, 0x63,
	0x61, 0x63, 0x66, 0x67, 0x2D, 0x61, 0x75, 0x74, 0x68, 0x5F, 0x73, 0x65, 0x72, 0x76, 0x65, 0x72,
	0x5F, 0x75, 0x72, 0x6C, 0x3D, 0x68, 0x74, 0x74, 0x70, 0x73, 0x3A, 0x2F, 0x2F, 0x30, 0x2E, 0x30,
	0x2E, 0x30, 0x2E, 0x30, 0x3A, 0x31, 0x30, 0x30, 0x38, 0x32, 0x2F, 0x0D, 0x0A, 0x63, 0x61, 0x63,
	0x66, 0x67, 0x2D, 0x61, 0x75, 0x74, 0x68, 0x5F, 0x73, 0x65, 0x72, 0x76, 0x65, 0x72, 0x5F, 0x73,
	0x73, 0x6C, 0x76, 0x65, 0x72, 0x69, 0x66, 0x79, 0x3D, 0x30, 0x0D, 0x0A, 0x63, 0x61, 0x63, 0x66,
	0x67, 0x2D, 0x61, 0x75, 0x74, 0x68, 0x5F, 0x73, 0x65, 0x72, 0x76, 0x65, 0x72, 0x5F, 0x73, 0x73,
	0x6C, 0x63, 0x61, 0x66, 0x69, 0x6C, 0x65, 0x3D, 0x2E, 0x5C, 0x66, 0x72, 0x6F, 0x6E, 0x74, 0x2E,
	0x6D, 0x75, 0x63, 0x68, 0x61, 0x2D, 0x70, 0x72, 0x64, 0x2E, 0x6E, 0x62, 0x67, 0x69, 0x2D, 0x61,
	0x6D, 0x6E, 0x65, 0x74, 0x2E, 0x6A, 0x70, 0x2E, 0x63, 0x61, 0x63, 0x65, 0x72, 0x74, 0x2E, 0x70,
	0x65, 0x6D, 0x0D, 0x0A, 0x63, 0x61, 0x63, 0x66, 0x67, 0x2D, 0x61, 0x75, 0x74, 0x68, 0x5F, 0x73,
	0x65, 0x72, 0x76, 0x65, 0x72, 0x5F, 0x74, 0x69, 0x6D, 0x65, 0x6F, 0x75, 0x74, 0x3D, 0x33, 0x30,
	0x30, 0x0D, 0x0A, 0x63, 0x61, 0x63, 0x66, 0x67, 0x2D, 0x69, 0x6E, 0x74, 0x65, 0x72, 0x76, 0x61,
	0x6C, 0x5F, 0x61, 0x69, 0x6E, 0x66, 0x6F, 0x5F, 0x72, 0x65, 0x6E, 0x65, 0x77, 0x3D, 0x31, 0x38,
	0x30, 0x30, 0x0D, 0x0A, 0x63, 0x61, 0x63, 0x66, 0x67, 0x2D, 0x69, 0x6E, 0x74, 0x65, 0x72, 0x76,
	0x61, 0x6C, 0x5F, 0x61, 0x69, 0x6E, 0x66, 0x6F, 0x5F, 0x72, 0x65, 0x74, 0x72, 0x79, 0x3D, 0x36,
	0x30, 0x0D, 0x0A, 0x0D, 0x0A, 0x5B, 0x4D, 0x75, 0x63, 0x68, 0x61, 0x44, 0x74, 0x43, 0x6F, 0x6E,
	0x66, 0x69, 0x67, 0x5D, 0x0D, 0x0A, 0x3B, 0x3B, 0x20, 0x4D, 0x55, 0x43, 0x48, 0x41, 0x20, 0x83,
	0x74, 0x83, 0x40, 0x83, 0x43, 0x83, 0x8B, 0x94, 0x7A, 0x90, 0x4D, 0x20, 0x28, 0x44, 0x54, 0x29,
	0x20, 0x90, 0xDD, 0x92, 0xE8, 0x0D, 0x0A, 0x64, 0x74, 0x63, 0x66, 0x67, 0x2D, 0x64, 0x6C, 0x5F,
	0x70, 0x72, 0x6F, 0x64, 0x75, 0x63, 0x74, 0x5F, 0x69, 0x64, 0x3D, 0x30, 0x78, 0x35, 0x37, 0x33,
	0x35, 0x35, 0x30, 0x33, 0x31, 0x0D, 0x0A, 0x64, 0x74, 0x63, 0x66, 0x67, 0x2D, 0x64, 0x6C, 0x5F,
	0x63, 0x68, 0x75, 0x6E, 0x6B, 0x5F, 0x73, 0x69, 0x7A, 0x65, 0x3D, 0x30, 0x78, 0x31, 0x30, 0x30,
	0x30, 0x30, 0x0D, 0x0A, 0x64, 0x74, 0x63, 0x66, 0x67, 0x2D, 0x64, 0x6C, 0x5F, 0x69, 0x6D, 0x61,
	0x67, 0x65, 0x5F, 0x70, 0x61, 0x74, 0x68, 0x3D, 0x2E, 0x5C, 0x64, 0x6C, 0x5F, 0x69, 0x6D, 0x61,
	0x67, 0x65, 0x0D, 0x0A, 0x64, 0x74, 0x63, 0x66, 0x67, 0x2D, 0x64, 0x6C, 0x5F, 0x69, 0x6D, 0x61,
	0x67, 0x65, 0x5F, 0x73, 0x69, 0x7A, 0x65, 0x3D, 0x30, 0x0D, 0x0A, 0x64, 0x74, 0x63, 0x66, 0x67,
	0x2D, 0x64, 0x6C, 0x5F, 0x69, 0x6D, 0x61, 0x67, 0x65, 0x5F, 0x74, 0x79, 0x70, 0x65, 0x3D, 0x52,
	0x41, 0x57, 0x0D, 0x0A, 0x64, 0x74, 0x63, 0x66, 0x67, 0x2D, 0x64, 0x6C, 0x5F, 0x69, 0x6D, 0x61,
	0x67, 0x65, 0x5F, 0x63, 0x72, 0x79, 0x70, 0x74, 0x5F, 0x6B, 0x65, 0x79, 0x3D, 0x30, 0x78, 0x34,
	0x35, 0x35, 0x32, 0x30, 0x39, 0x31, 0x33, 0x0D, 0x0A, 0x64, 0x74, 0x63, 0x66, 0x67, 0x2D, 0x64,
	0x6C, 0x5F, 0x6C, 0x6F, 0x67, 0x5F, 0x6C, 0x65, 0x76, 0x65, 0x6C, 0x3D, 0x49, 0x4E, 0x46, 0x4F,
	0x0D, 0x0A, 0x64, 0x74, 0x63, 0x66, 0x67, 0x2D, 0x64, 0x6C, 0x5F, 0x6C, 0x61, 0x6E, 0x5F, 0x63,
	0x72, 0x79, 0x70, 0x74, 0x5F, 0x6B, 0x65, 0x79, 0x3D, 0x30, 0x78, 0x66, 0x7A, 0x32, 0x36, 0x73,
	0x37, 0x32, 0x30, 0x31, 0x6D, 0x36, 0x38, 0x39, 0x35, 0x32, 0x78, 0x0D, 0x0A, 0x64, 0x74, 0x63,
	0x66, 0x67, 0x2D, 0x64, 0x6C, 0x5F, 0x6C, 0x61, 0x6E, 0x5F, 0x62, 0x72, 0x6F, 0x61, 0x64, 0x63,
	0x61, 0x73, 0x74, 0x5F, 0x69, 0x6E, 0x74, 0x65, 0x72, 0x76, 0x61, 0x6C, 0x3D, 0x31, 0x30, 0x30,
	0x30, 0x0D, 0x0A, 0x64, 0x74, 0x63, 0x66, 0x67, 0x2D, 0x64, 0x6C, 0x5F, 0x6C, 0x61, 0x6E, 0x5F,
	0x75, 0x64, 0x70, 0x5F, 0x70, 0x6F, 0x72, 0x74, 0x3D, 0x38, 0x37, 0x36, 0x35, 0x0D, 0x0A, 0x64,
	0x74, 0x63, 0x66, 0x67, 0x2D, 0x64, 0x6C, 0x5F, 0x6C, 0x61, 0x6E, 0x5F, 0x62, 0x61, 0x6E, 0x64,
	0x77, 0x69, 0x64, 0x74, 0x68, 0x5F, 0x6C, 0x69, 0x6D, 0x69, 0x74, 0x3D, 0x30, 0x0D, 0x0A, 0x64,
	0x74, 0x63, 0x66, 0x67, 0x2D, 0x64, 0x6C, 0x5F, 0x6C, 0x61, 0x6E, 0x5F, 0x62, 0x72, 0x6F, 0x61,
	0x64, 0x63, 0x61, 0x73, 0x74, 0x5F, 0x61, 0x64, 0x64, 0x72, 0x65, 0x73, 0x73, 0x3D, 0x30, 0x2E,
	0x30, 0x2E, 0x30, 0x2E, 0x30, 0x0D, 0x0A, 0x64, 0x74, 0x63, 0x66, 0x67, 0x2D, 0x64, 0x6C, 0x5F,
	0x77, 0x61, 0x6E, 0x5F, 0x72, 0x65, 0x74, 0x72, 0x79, 0x5F, 0x6C, 0x69, 0x6D, 0x69, 0x74, 0x3D,
	0x0D, 0x0A, 0x64, 0x74, 0x63, 0x66, 0x67, 0x2D, 0x64, 0x6C, 0x5F, 0x77, 0x61, 0x6E, 0x5F, 0x72,
	0x65, 0x74, 0x72, 0x79, 0x5F, 0x69, 0x6E, 0x74, 0x65, 0x72, 0x76, 0x61, 0x6C, 0x3D, 0x0D, 0x0A,
	0x64, 0x74, 0x63, 0x66, 0x67, 0x2D, 0x64, 0x6C, 0x5F, 0x77, 0x61, 0x6E, 0x5F, 0x73, 0x65, 0x6E,
	0x64, 0x5F, 0x74, 0x69, 0x6D, 0x65, 0x6F, 0x75, 0x74, 0x3D, 0x0D, 0x0A, 0x64, 0x74, 0x63, 0x66,
	0x67, 0x2D, 0x64, 0x6C, 0x5F, 0x77, 0x61, 0x6E, 0x5F, 0x72, 0x65, 0x63, 0x76, 0x5F, 0x74, 0x69,
	0x6D, 0x65, 0x6F, 0x75, 0x74, 0x3D, 0x0D, 0x0A, 0x64, 0x74, 0x63, 0x66, 0x67, 0x2D, 0x64, 0x6C,
	0x5F, 0x6C, 0x61, 0x6E, 0x5F, 0x72, 0x65, 0x74, 0x72, 0x79, 0x5F, 0x6C, 0x69, 0x6D, 0x69, 0x74,
	0x3D, 0x0D, 0x0A, 0x64, 0x74, 0x63, 0x66, 0x67, 0x2D, 0x64, 0x6C, 0x5F, 0x6C, 0x61, 0x6E, 0x5F,
	0x72, 0x65, 0x74, 0x72, 0x79, 0x5F, 0x69, 0x6E, 0x74, 0x65, 0x72, 0x76, 0x61, 0x6C, 0x3D, 0x0D,
	0x0A, 0x64, 0x74, 0x63, 0x66, 0x67, 0x2D, 0x64, 0x6C, 0x5F, 0x6C, 0x61, 0x6E, 0x5F, 0x73, 0x65,
	0x6E, 0x64, 0x5F, 0x74, 0x69, 0x6D, 0x65, 0x6F, 0x75, 0x74, 0x3D, 0x0D, 0x0A, 0x64, 0x74, 0x63,
	0x66, 0x67, 0x2D, 0x64, 0x6C, 0x5F, 0x6C, 0x61, 0x6E, 0x5F, 0x72, 0x65, 0x63, 0x76, 0x5F, 0x74,
	0x69, 0x6D, 0x65, 0x6F, 0x75, 0x74, 0x3D, 0x0D, 0x0A, 0x0D, 0x0A, 0x5B, 0x4D, 0x75, 0x63, 0x68,
	0x61, 0x44, 0x74, 0x4D, 0x6F, 0x64, 0x65, 0x43, 0x6F, 0x6E, 0x66, 0x69, 0x67, 0x5D, 0x0D, 0x0A,
	0x3B, 0x3B, 0x20, 0x4D, 0x55, 0x43, 0x48, 0x41, 0x20, 0x83, 0x74, 0x83, 0x40, 0x83, 0x43, 0x83,
	0x8B, 0x94, 0x7A, 0x90, 0x4D, 0x83, 0x82, 0x81, 0x5B, 0x83, 0x68, 0x90, 0xDD, 0x92, 0xE8, 0x0D,
	0x0A, 0x64, 0x74, 0x6D, 0x6F, 0x64, 0x65, 0x2D, 0x69, 0x6F, 0x5F, 0x64, 0x69, 0x72, 0x3D, 0x45,
	0x3A, 0x5C, 0x0D, 0x0A, 0x64, 0x74, 0x6D, 0x6F, 0x64, 0x65, 0x2D, 0x69, 0x6F, 0x5F, 0x66, 0x69,
	0x6C, 0x65, 0x3D, 0x57, 0x4D, 0x35, 0x31, 0x30, 0x4A, 0x50, 0x4E, 0x0D, 0x0A, 0x64, 0x74, 0x6D,
	0x6F, 0x64, 0x65, 0x2D, 0x69, 0x6F, 0x5F, 0x63, 0x6F, 0x6E, 0x76, 0x3D, 0x44, 0x45, 0x43, 0x45,
	0x58, 0x50, 0x0D, 0x0A, 0x64, 0x74, 0x6D, 0x6F, 0x64, 0x65, 0x2D, 0x69, 0x6F, 0x5F, 0x70, 0x61,
	0x73, 0x73, 0x70, 0x68, 0x72, 0x61, 0x73, 0x65, 0x3D, 0x51, 0x78, 0x38, 0x68, 0x4A, 0x31, 0x4B,
	0x69, 0x6C, 0x77, 0x65, 0x41, 0x70, 0x35, 0x58, 0x6D, 0x0D, 0x0A
};



// 6RR+ AMConfig (W6P1)
static const unsigned char AMConfig_6RRP[] = {
	0x5B, 0x41, 0x4D, 0x55, 0x70, 0x64, 0x61, 0x74, 0x65, 0x72, 0x43, 0x6F, 0x6E, 0x66, 0x69, 0x67,
	0x5D, 0x20, 0x0A, 0x3B, 0x3B, 0x20, 0x41, 0x4D, 0x55, 0x70, 0x64, 0x61, 0x74, 0x65, 0x72, 0x20,
	0xCB, 0x86, 0xC3, 0xAA, 0xE2, 0x80, 0x9D, 0xC3, 0x8A, 0xC2, 0x90, 0xC3, 0x9D, 0xE2, 0x80, 0x99,
	0xC3, 0xA8, 0x0A, 0x61, 0x6D, 0x75, 0x63, 0x66, 0x67, 0x2D, 0x74, 0x69, 0x74, 0x6C, 0x65, 0x3D,
	0xCB, 0x9C, 0x70, 0xC5, 0xA0, 0xC3, 0x9D, 0xC6, 0x92, 0x7E, 0xC6, 0x92, 0x62, 0xC6, 0x92, 0x68,
	0xC6, 0x92, 0x69, 0xC6, 0x92, 0x43, 0xC6, 0x92, 0x67, 0x20, 0x4D, 0x41, 0x58, 0x49, 0x4D, 0x55,
	0x4D, 0x20, 0x54, 0x55, 0x4E, 0x45, 0x20, 0x36, 0x52, 0x52, 0x20, 0x50, 0x4C, 0x55, 0x53, 0x0A,
	0x61, 0x6D, 0x75, 0x63, 0x66, 0x67, 0x2D, 0x6C, 0x61, 0x6E, 0x67, 0x3D, 0x4A, 0x50, 0x0A, 0x61,
	0x6D, 0x75, 0x63, 0x66, 0x67, 0x2D, 0x63, 0x6F, 0x75, 0x6E, 0x74, 0x64, 0x6F, 0x77, 0x6E, 0x3D,
	0x35, 0x0A, 0x61, 0x6D, 0x75, 0x63, 0x66, 0x67, 0x2D, 0x68, 0x5F, 0x72, 0x65, 0x73, 0x6F, 0x6C,
	0x3D, 0x31, 0x33, 0x36, 0x30, 0x0A, 0x61, 0x6D, 0x75, 0x63, 0x66, 0x67, 0x2D, 0x76, 0x5F, 0x72,
	0x65, 0x73, 0x6F, 0x6C, 0x3D, 0x37, 0x36, 0x38, 0x0A, 0x61, 0x6D, 0x75, 0x63, 0x66, 0x67, 0x2D,
	0x6C, 0x6F, 0x67, 0x66, 0x69, 0x6C, 0x65, 0x3D, 0x43, 0x3A, 0x5C, 0x61, 0x6D, 0x75, 0x70, 0x64,
	0x61, 0x74, 0x65, 0x72, 0x2E, 0x6C, 0x6F, 0x67, 0x0A, 0x61, 0x6D, 0x75, 0x63, 0x66, 0x67, 0x2D,
	0x67, 0x61, 0x6D, 0x65, 0x5F, 0x72, 0x65, 0x76, 0x3D, 0x34, 0x0A, 0x61, 0x6D, 0x75, 0x63, 0x66,
	0x67, 0x2D, 0x68, 0x5F, 0x6F, 0x66, 0x66, 0x73, 0x65, 0x74, 0x3D, 0x30, 0x0A, 0x61, 0x6D, 0x75,
	0x63, 0x66, 0x67, 0x2D, 0x76, 0x5F, 0x6F, 0x66, 0x66, 0x73, 0x65, 0x74, 0x3D, 0x30, 0x0A, 0x0A,
	0x5B, 0x41, 0x4D, 0x41, 0x75, 0x74, 0x68, 0x64, 0x43, 0x6F, 0x6E, 0x66, 0x69, 0x67, 0x5D, 0x20,
	0x0A, 0x3B, 0x3B, 0x20, 0x41, 0x4D, 0x41, 0x75, 0x74, 0x68, 0x64, 0x20, 0xCB, 0x86, 0xC3, 0xAA,
	0xE2, 0x80, 0x9D, 0xC3, 0x8A, 0xC2, 0x90, 0xC3, 0x9D, 0xE2, 0x80, 0x99, 0xC3, 0xA8, 0x0A, 0x61,
	0x6D, 0x64, 0x63, 0x66, 0x67, 0x2D, 0x61, 0x75, 0x74, 0x68, 0x54, 0x79, 0x70, 0x65, 0x3D, 0x41,
	0x4C, 0x4C, 0x2E, 0x4E, 0x45, 0x54, 0x0A, 0x61, 0x6D, 0x64, 0x63, 0x66, 0x67, 0x2D, 0x73, 0x6C,
	0x65, 0x65, 0x70, 0x54, 0x69, 0x6D, 0x65, 0x3D, 0x35, 0x30, 0x0A, 0x61, 0x6D, 0x64, 0x63, 0x66,
	0x67, 0x2D, 0x72, 0x65, 0x73, 0x6F, 0x4E, 0x61, 0x6D, 0x65, 0x54, 0x69, 0x6D, 0x65, 0x6F, 0x75,
	0x74, 0x3D, 0x31, 0x38, 0x30, 0x0A, 0x61, 0x6D, 0x64, 0x63, 0x66, 0x67, 0x2D, 0x77, 0x72, 0x69,
	0x74, 0x61, 0x62, 0x6C, 0x65, 0x43, 0x6F, 0x6E, 0x66, 0x69, 0x67, 0x3D, 0x2E, 0x5C, 0x57, 0x72,
	0x69, 0x74, 0x61, 0x62, 0x6C, 0x65, 0x43, 0x6F, 0x6E, 0x66, 0x69, 0x67, 0x2E, 0x69, 0x6E, 0x69,
	0x0A, 0x61, 0x6D, 0x64, 0x63, 0x66, 0x67, 0x2D, 0x73, 0x68, 0x6F, 0x77, 0x43, 0x6F, 0x6E, 0x73,
	0x6F, 0x6C, 0x65, 0x3D, 0x45, 0x4E, 0x41, 0x42, 0x4C, 0x45, 0x0A, 0x61, 0x6D, 0x64, 0x63, 0x66,
	0x67, 0x2D, 0x6C, 0x6F, 0x67, 0x66, 0x69, 0x6C, 0x65, 0x3D, 0x43, 0x3A, 0x5C, 0x61, 0x6D, 0x61,
	0x75, 0x74, 0x68, 0x64, 0x2E, 0x6C, 0x6F, 0x67, 0x0A, 0x61, 0x6D, 0x64, 0x63, 0x66, 0x67, 0x2D,
	0x65, 0x78, 0x70, 0x6F, 0x72, 0x74, 0x5F, 0x6C, 0x6F, 0x67, 0x3D, 0x0A, 0x0A, 0x5B, 0x41, 0x6C,
	0x6C, 0x6E, 0x65, 0x74, 0x43, 0x6F, 0x6E, 0x66, 0x69, 0x67, 0x5D, 0x20, 0x0A, 0x3B, 0x3B, 0x20,
	0x41, 0x4C, 0x4C, 0x2E, 0x4E, 0x65, 0x74, 0x20, 0xCB, 0x86, 0xC3, 0xAA, 0xE2, 0x80, 0x9D, 0xC3,
	0x8A, 0xC2, 0x90, 0xC3, 0x9D, 0xE2, 0x80, 0x99, 0xC3, 0xA8, 0x0A, 0x61, 0x6C, 0x6C, 0x63, 0x66,
	0x67, 0x2D, 0x67, 0x61, 0x6D, 0x65, 0x49, 0x44, 0x3D, 0x53, 0x42, 0x57, 0x4A, 0x0A, 0x61, 0x6C,
	0x6C, 0x63, 0x66, 0x67, 0x2D, 0x67, 0x61, 0x6D, 0x65, 0x56, 0x65, 0x72, 0x3D, 0x31, 0x35, 0x2E,
	0x30, 0x30, 0x0A, 0x0A, 0x5B, 0x41, 0x6C, 0x6C, 0x6E, 0x65, 0x74, 0x4F, 0x70, 0x74, 0x69, 0x6F,
	0x6E, 0x52, 0x65, 0x76, 0x61, 0x6C, 0x54, 0x69, 0x6D, 0x65, 0x5D, 0x0A, 0x3B, 0x3B, 0x20, 0x41,
	0x4C, 0x4C, 0x2E, 0x4E, 0x65, 0x74, 0x20, 0xC2, 0x8D, 0xC3, 0x84, 0xE2, 0x80, 0x9D, 0x46, 0xC2,
	0x8F, 0xC3, 0x98, 0xC5, 0xBD, 0xC5, 0xBE, 0xC2, 0x8D, 0xC2, 0x8F, 0xC2, 0x90, 0xC3, 0x9D, 0xE2,
	0x80, 0x99, 0xC3, 0xA8, 0x0A, 0x61, 0x6C, 0x6C, 0x6F, 0x70, 0x74, 0x2D, 0x72, 0x65, 0x76, 0x61,
	0x6C, 0x5F, 0x68, 0x6F, 0x75, 0x72, 0x3D, 0x37, 0x0A, 0x61, 0x6C, 0x6C, 0x6F, 0x70, 0x74, 0x2D,
	0x72, 0x65, 0x76, 0x61, 0x6C, 0x5F, 0x6D, 0x69, 0x6E, 0x75, 0x74, 0x65, 0x3D, 0x30, 0x0A, 0x61,
	0x6C, 0x6C, 0x6F, 0x70, 0x74, 0x2D, 0x72, 0x65, 0x76, 0x61, 0x6C, 0x5F, 0x73, 0x65, 0x63, 0x6F,
	0x6E, 0x64, 0x3D, 0x30, 0x0A, 0x0A, 0x5B, 0x41, 0x6C, 0x6C, 0x6E, 0x65, 0x74, 0x4F, 0x70, 0x74,
	0x69, 0x6F, 0x6E, 0x54, 0x69, 0x6D, 0x65, 0x6F, 0x75, 0x74, 0x5D, 0x0A, 0x3B, 0x3B, 0x20, 0x41,
	0x4C, 0x4C, 0x2E, 0x4E, 0x65, 0x74, 0x20, 0xE2, 0x80, 0x99, 0xC3, 0x8A, 0xC2, 0x90, 0x4D, 0xC6,
	0x92, 0x5E, 0xC6, 0x92, 0x43, 0xC6, 0x92, 0xE2, 0x82, 0xAC, 0xC6, 0x92, 0x41, 0xC6, 0x92, 0x45,
	0xC6, 0x92, 0x67, 0xC2, 0x90, 0xC3, 0x9D, 0xE2, 0x80, 0x99, 0xC3, 0xA8, 0x0A, 0x61, 0x6C, 0x6C,
	0x6F, 0x70, 0x74, 0x2D, 0x74, 0x69, 0x6D, 0x65, 0x6F, 0x75, 0x74, 0x5F, 0x63, 0x6F, 0x6E, 0x6E,
	0x65, 0x63, 0x74, 0x3D, 0x36, 0x30, 0x30, 0x30, 0x30, 0x20, 0x20, 0x0A, 0x61, 0x6C, 0x6C, 0x6F,
	0x70, 0x74, 0x2D, 0x74, 0x69, 0x6D, 0x65, 0x6F, 0x75, 0x74, 0x5F, 0x73, 0x65, 0x6E, 0x64, 0x3D,
	0x36, 0x30, 0x30, 0x30, 0x30, 0x0A, 0x61, 0x6C, 0x6C, 0x6F, 0x70, 0x74, 0x2D, 0x74, 0x69, 0x6D,
	0x65, 0x6F, 0x75, 0x74, 0x5F, 0x72, 0x65, 0x63, 0x76, 0x3D, 0x36, 0x30, 0x30, 0x30, 0x30, 0x0A,
	0x0A, 0x5B, 0x4D, 0x75, 0x63, 0x68, 0x61, 0x41, 0x70, 0x70, 0x43, 0x6F, 0x6E, 0x66, 0x69, 0x67,
	0x5D, 0x0A, 0x3B, 0x3B, 0x20, 0x6D, 0x75, 0x63, 0x68, 0x61, 0x5F, 0x61, 0x70, 0x70, 0x20, 0xC2,
	0x90, 0xC3, 0x9D, 0xE2, 0x80, 0x99, 0xC3, 0xA8, 0x0A, 0x61, 0x70, 0x70, 0x63, 0x66, 0x67, 0x2D,
	0x6C, 0x6F, 0x67, 0x66, 0x69, 0x6C, 0x65, 0x3D, 0x2E, 0x5C, 0x6D, 0x75, 0x63, 0x68, 0x61, 0x61,
	0x70, 0x70, 0x2E, 0x6C, 0x6F, 0x67, 0x0A, 0x61, 0x70, 0x70, 0x63, 0x66, 0x67, 0x2D, 0x6C, 0x6F,
	0x67, 0x6C, 0x65, 0x76, 0x65, 0x6C, 0x3D, 0x49, 0x4E, 0x46, 0x4F, 0x0A, 0x0A, 0x5B, 0x4D, 0x75,
	0x63, 0x68, 0x61, 0x53, 0x79, 0x73, 0x43, 0x6F, 0x6E, 0x66, 0x69, 0x67, 0x5D, 0x0A, 0x3B, 0x3B,
	0x20, 0x4D, 0x55, 0x43, 0x48, 0x41, 0x20, 0xC6, 0x92, 0x56, 0xC6, 0x92, 0x58, 0xC6, 0x92, 0x65,
	0xC6, 0x92, 0xE2, 0x82, 0xAC, 0xC2, 0x90, 0xC3, 0x9D, 0xE2, 0x80, 0x99, 0xC3, 0xA8, 0x0A, 0x73,
	0x79, 0x73, 0x63, 0x66, 0x67, 0x2D, 0x64, 0x61, 0x65, 0x6D, 0x6F, 0x6E, 0x5F, 0x65, 0x78, 0x65,
	0x3D, 0x2E, 0x5C, 0x4D, 0x75, 0x63, 0x68, 0x61, 0x42, 0x69, 0x6E, 0x5C, 0x6D, 0x75, 0x63, 0x68,
	0x61, 0x63, 0x64, 0x2E, 0x65, 0x78, 0x65, 0x0A, 0x73, 0x79, 0x73, 0x63, 0x66, 0x67, 0x2D, 0x64,
	0x61, 0x65, 0x6D, 0x6F, 0x6E, 0x5F, 0x70, 0x69, 0x64, 0x66, 0x69, 0x6C, 0x65, 0x3D, 0x43, 0x3A,
	0x5C, 0x6D, 0x75, 0x63, 0x68, 0x61, 0x63, 0x64, 0x2E, 0x70, 0x69, 0x64, 0x0A, 0x73, 0x79, 0x73,
	0x63, 0x66, 0x67, 0x2D, 0x64, 0x61, 0x65, 0x6D, 0x6F, 0x6E, 0x5F, 0x6C, 0x6F, 0x67, 0x66, 0x69,
	0x6C, 0x65, 0x3D, 0x2E, 0x5C, 0x6D, 0x75, 0x63, 0x68, 0x61, 0x63, 0x64, 0x2E, 0x6C, 0x6F, 0x67,
	0x0A, 0x73, 0x79, 0x73, 0x63, 0x66, 0x67, 0x2D, 0x64, 0x61, 0x65, 0x6D, 0x6F, 0x6E, 0x5F, 0x6C,
	0x6F, 0x67, 0x6C, 0x65, 0x76, 0x65, 0x6C, 0x3D, 0x49, 0x4E, 0x46, 0x4F, 0x0A, 0x73, 0x79, 0x73,
	0x63, 0x66, 0x67, 0x2D, 0x64, 0x61, 0x65, 0x6D, 0x6F, 0x6E, 0x5F, 0x6C, 0x69, 0x73, 0x74, 0x65,
	0x6E, 0x3D, 0x74, 0x63, 0x70, 0x3A, 0x30, 0x2E, 0x30, 0x2E, 0x30, 0x2E, 0x30, 0x3A, 0x31, 0x32,
	0x33, 0x34, 0x35, 0x0A, 0x73, 0x79, 0x73, 0x63, 0x66, 0x67, 0x2D, 0x63, 0x6C, 0x69, 0x65, 0x6E,
	0x74, 0x5F, 0x63, 0x6F, 0x6E, 0x6E, 0x65, 0x63, 0x74, 0x3D, 0x74, 0x63, 0x70, 0x3A, 0x31, 0x32,
	0x37, 0x2E, 0x30, 0x2E, 0x30, 0x2E, 0x31, 0x3A, 0x31, 0x32, 0x33, 0x34, 0x35, 0x0A, 0x0A, 0x5B,
	0x4D, 0x75, 0x63, 0x68, 0x61, 0x43, 0x41, 0x43, 0x6F, 0x6E, 0x66, 0x69, 0x67, 0x5D, 0x0A, 0x3B,
	0x3B, 0x20, 0x4D, 0x55, 0x43, 0x48, 0x41, 0x20, 0xE2, 0x80, 0x9D, 0x46, 0xC2, 0x8F, 0xC3, 0x98,
	0xC2, 0x90, 0xC3, 0x9D, 0xE2, 0x80, 0x99, 0xC3, 0xA8, 0x0A, 0x63, 0x61, 0x63, 0x66, 0x67, 0x2D,
	0x67, 0x61, 0x6D, 0x65, 0x5F, 0x63, 0x64, 0x3D, 0x57, 0x36, 0x50, 0x31, 0x0A, 0x63, 0x61, 0x63,
	0x66, 0x67, 0x2D, 0x67, 0x61, 0x6D, 0x65, 0x5F, 0x76, 0x65, 0x72, 0x3D, 0x30, 0x30, 0x2E, 0x31,
	0x33, 0x0A, 0x63, 0x61, 0x63, 0x66, 0x67, 0x2D, 0x67, 0x61, 0x6D, 0x65, 0x5F, 0x62, 0x6F, 0x61,
	0x72, 0x64, 0x5F, 0x74, 0x79, 0x70, 0x65, 0x3D, 0x30, 0x0A, 0x63, 0x61, 0x63, 0x66, 0x67, 0x2D,
	0x67, 0x61, 0x6D, 0x65, 0x5F, 0x62, 0x6F, 0x61, 0x72, 0x64, 0x5F, 0x69, 0x64, 0x3D, 0x57, 0x36,
	0x50, 0x0A, 0x63, 0x61, 0x63, 0x66, 0x67, 0x2D, 0x61, 0x75, 0x74, 0x68, 0x5F, 0x73, 0x65, 0x72,
	0x76, 0x65, 0x72, 0x5F, 0x75, 0x72, 0x6C, 0x3D, 0x68, 0x74, 0x74, 0x70, 0x73, 0x3A, 0x2F, 0x2F,
	0x30, 0x2E, 0x30, 0x2E, 0x30, 0x2E, 0x30, 0x3A, 0x31, 0x30, 0x30, 0x38, 0x32, 0x0A, 0x63, 0x61,
	0x63, 0x66, 0x67, 0x2D, 0x61, 0x75, 0x74, 0x68, 0x5F, 0x73, 0x65, 0x72, 0x76, 0x65, 0x72, 0x5F,
	0x73, 0x73, 0x6C, 0x76, 0x65, 0x72, 0x69, 0x66, 0x79, 0x3D, 0x30, 0x0A, 0x63, 0x61, 0x63, 0x66,
	0x67, 0x2D, 0x61, 0x75, 0x74, 0x68, 0x5F, 0x73, 0x65, 0x72, 0x76, 0x65, 0x72, 0x5F, 0x73, 0x73,
	0x6C, 0x63, 0x61, 0x66, 0x69, 0x6C, 0x65, 0x3D, 0x2E, 0x5C, 0x63, 0x61, 0x63, 0x65, 0x72, 0x74,
	0x2D, 0x32, 0x30, 0x32, 0x32, 0x2D, 0x31, 0x30, 0x2D, 0x31, 0x31, 0x2E, 0x70, 0x65, 0x6D, 0x0A,
	0x63, 0x61, 0x63, 0x66, 0x67, 0x2D, 0x61, 0x75, 0x74, 0x68, 0x5F, 0x73, 0x65, 0x72, 0x76, 0x65,
	0x72, 0x5F, 0x74, 0x69, 0x6D, 0x65, 0x6F, 0x75, 0x74, 0x3D, 0x33, 0x30, 0x30, 0x0A, 0x63, 0x61,
	0x63, 0x66, 0x67, 0x2D, 0x69, 0x6E, 0x74, 0x65, 0x72, 0x76, 0x61, 0x6C, 0x5F, 0x61, 0x69, 0x6E,
	0x66, 0x6F, 0x5F, 0x72, 0x65, 0x6E, 0x65, 0x77, 0x3D, 0x31, 0x38, 0x30, 0x30, 0x0A, 0x63, 0x61,
	0x63, 0x66, 0x67, 0x2D, 0x69, 0x6E, 0x74, 0x65, 0x72, 0x76, 0x61, 0x6C, 0x5F, 0x61, 0x69, 0x6E,
	0x66, 0x6F, 0x5F, 0x72, 0x65, 0x74, 0x72, 0x79, 0x3D, 0x36, 0x30, 0x0A, 0x0A, 0x5B, 0x4D, 0x75,
	0x63, 0x68, 0x61, 0x44, 0x74, 0x43, 0x6F, 0x6E, 0x66, 0x69, 0x67, 0x5D, 0x0A, 0x3B, 0x3B, 0x20,
	0x4D, 0x55, 0x43, 0x48, 0x41, 0x20, 0xC6, 0x92, 0x74, 0xC6, 0x92, 0x40, 0xC6, 0x92, 0x43, 0xC6,
	0x92, 0xE2, 0x80, 0xB9, 0xE2, 0x80, 0x9D, 0x7A, 0xC2, 0x90, 0x4D, 0x20, 0x28, 0x44, 0x54, 0x29,
	0x20, 0xC2, 0x90, 0xC3, 0x9D, 0xE2, 0x80, 0x99, 0xC3, 0xA8, 0x0A, 0x64, 0x74, 0x63, 0x66, 0x67,
	0x2D, 0x64, 0x6C, 0x5F, 0x70, 0x72, 0x6F, 0x64, 0x75, 0x63, 0x74, 0x5F, 0x69, 0x64, 0x3D, 0x30,
	0x78, 0x35, 0x37, 0x33, 0x36, 0x35, 0x30, 0x33, 0x31, 0x0A, 0x64, 0x74, 0x63, 0x66, 0x67, 0x2D,
	0x64, 0x6C, 0x5F, 0x63, 0x68, 0x75, 0x6E, 0x6B, 0x5F, 0x73, 0x69, 0x7A, 0x65, 0x3D, 0x30, 0x78,
	0x31, 0x30, 0x30, 0x30, 0x30, 0x0A, 0x64, 0x74, 0x63, 0x66, 0x67, 0x2D, 0x64, 0x6C, 0x5F, 0x69,
	0x6D, 0x61, 0x67, 0x65, 0x5F, 0x70, 0x61, 0x74, 0x68, 0x3D, 0x5C, 0x5C, 0x2E, 0x5C, 0x49, 0x3A,
	0x0A, 0x64, 0x74, 0x63, 0x66, 0x67, 0x2D, 0x64, 0x6C, 0x5F, 0x69, 0x6D, 0x61, 0x67, 0x65, 0x5F,
	0x73, 0x69, 0x7A, 0x65, 0x3D, 0x30, 0x0A, 0x64, 0x74, 0x63, 0x66, 0x67, 0x2D, 0x64, 0x6C, 0x5F,
	0x69, 0x6D, 0x61, 0x67, 0x65, 0x5F, 0x74, 0x79, 0x70, 0x65, 0x3D, 0x52, 0x41, 0x57, 0x0A, 0x64,
	0x74, 0x63, 0x66, 0x67, 0x2D, 0x64, 0x6C, 0x5F, 0x69, 0x6D, 0x61, 0x67, 0x65, 0x5F, 0x63, 0x72,
	0x79, 0x70, 0x74, 0x5F, 0x6B, 0x65, 0x79, 0x3D, 0x30, 0x78, 0x64, 0x64, 0x31, 0x34, 0x39, 0x61,
	0x62, 0x61, 0x0A, 0x64, 0x74, 0x63, 0x66, 0x67, 0x2D, 0x64, 0x6C, 0x5F, 0x6C, 0x6F, 0x67, 0x5F,
	0x6C, 0x65, 0x76, 0x65, 0x6C, 0x3D, 0x49, 0x4E, 0x46, 0x4F, 0x0A, 0x64, 0x74, 0x63, 0x66, 0x67,
	0x2D, 0x64, 0x6C, 0x5F, 0x6C, 0x61, 0x6E, 0x5F, 0x63, 0x72, 0x79, 0x70, 0x74, 0x5F, 0x6B, 0x65,
	0x79, 0x3D, 0x30, 0x78, 0x62, 0x39, 0x34, 0x62, 0x61, 0x39, 0x66, 0x64, 0x31, 0x35, 0x32, 0x35,
	0x38, 0x62, 0x63, 0x62, 0x0A, 0x64, 0x74, 0x63, 0x66, 0x67, 0x2D, 0x64, 0x6C, 0x5F, 0x6C, 0x61,
	0x6E, 0x5F, 0x62, 0x72, 0x6F, 0x61, 0x64, 0x63, 0x61, 0x73, 0x74, 0x5F, 0x69, 0x6E, 0x74, 0x65,
	0x72, 0x76, 0x61, 0x6C, 0x3D, 0x31, 0x30, 0x30, 0x30, 0x0A, 0x64, 0x74, 0x63, 0x66, 0x67, 0x2D,
	0x64, 0x6C, 0x5F, 0x6C, 0x61, 0x6E, 0x5F, 0x75, 0x64, 0x70, 0x5F, 0x70, 0x6F, 0x72, 0x74, 0x3D,
	0x39, 0x38, 0x37, 0x38, 0x0A, 0x64, 0x74, 0x63, 0x66, 0x67, 0x2D, 0x64, 0x6C, 0x5F, 0x6C, 0x61,
	0x6E, 0x5F, 0x62, 0x61, 0x6E, 0x64, 0x77, 0x69, 0x64, 0x74, 0x68, 0x5F, 0x6C, 0x69, 0x6D, 0x69,
	0x74, 0x3D, 0x30, 0x0A, 0x64, 0x74, 0x63, 0x66, 0x67, 0x2D, 0x64, 0x6C, 0x5F, 0x6C, 0x61, 0x6E,
	0x5F, 0x62, 0x72, 0x6F, 0x61, 0x64, 0x63, 0x61, 0x73, 0x74, 0x5F, 0x61, 0x64, 0x64, 0x72, 0x65,
	0x73, 0x73, 0x3D, 0x30, 0x2E, 0x30, 0x2E, 0x30, 0x2E, 0x30, 0x0A, 0x64, 0x74, 0x63, 0x66, 0x67,
	0x2D, 0x64, 0x6C, 0x5F, 0x77, 0x61, 0x6E, 0x5F, 0x72, 0x65, 0x74, 0x72, 0x79, 0x5F, 0x6C, 0x69,
	0x6D, 0x69, 0x74, 0x3D, 0x0A, 0x64, 0x74, 0x63, 0x66, 0x67, 0x2D, 0x64, 0x6C, 0x5F, 0x77, 0x61,
	0x6E, 0x5F, 0x72, 0x65, 0x74, 0x72, 0x79, 0x5F, 0x69, 0x6E, 0x74, 0x65, 0x72, 0x76, 0x61, 0x6C,
	0x3D, 0x0A, 0x64, 0x74, 0x63, 0x66, 0x67, 0x2D, 0x64, 0x6C, 0x5F, 0x77, 0x61, 0x6E, 0x5F, 0x73,
	0x65, 0x6E, 0x64, 0x5F, 0x74, 0x69, 0x6D, 0x65, 0x6F, 0x75, 0x74, 0x3D, 0x0A, 0x64, 0x74, 0x63,
	0x66, 0x67, 0x2D, 0x64, 0x6C, 0x5F, 0x77, 0x61, 0x6E, 0x5F, 0x72, 0x65, 0x63, 0x76, 0x5F, 0x74,
	0x69, 0x6D, 0x65, 0x6F, 0x75, 0x74, 0x3D, 0x0A, 0x64, 0x74, 0x63, 0x66, 0x67, 0x2D, 0x64, 0x6C,
	0x5F, 0x6C, 0x61, 0x6E, 0x5F, 0x72, 0x65, 0x74, 0x72, 0x79, 0x5F, 0x6C, 0x69, 0x6D, 0x69, 0x74,
	0x3D, 0x0A, 0x64, 0x74, 0x63, 0x66, 0x67, 0x2D, 0x64, 0x6C, 0x5F, 0x6C, 0x61, 0x6E, 0x5F, 0x72,
	0x65, 0x74, 0x72, 0x79, 0x5F, 0x69, 0x6E, 0x74, 0x65, 0x72, 0x76, 0x61, 0x6C, 0x3D, 0x0A, 0x64,
	0x74, 0x63, 0x66, 0x67, 0x2D, 0x64, 0x6C, 0x5F, 0x6C, 0x61, 0x6E, 0x5F, 0x73, 0x65, 0x6E, 0x64,
	0x5F, 0x74, 0x69, 0x6D, 0x65, 0x6F, 0x75, 0x74, 0x3D, 0x0A, 0x64, 0x74, 0x63, 0x66, 0x67, 0x2D,
	0x64, 0x6C, 0x5F, 0x6C, 0x61, 0x6E, 0x5F, 0x72, 0x65, 0x63, 0x76, 0x5F, 0x74, 0x69, 0x6D, 0x65,
	0x6F, 0x75, 0x74, 0x3D, 0x0A, 0x0A, 0x5B, 0x4D, 0x75, 0x63, 0x68, 0x61, 0x44, 0x74, 0x4D, 0x6F,
	0x64, 0x65, 0x43, 0x6F, 0x6E, 0x66, 0x69, 0x67, 0x5D, 0x0A, 0x3B, 0x3B, 0x20, 0x4D, 0x55, 0x43,
	0x48, 0x41, 0x20, 0xC6, 0x92, 0x74, 0xC6, 0x92, 0x40, 0xC6, 0x92, 0x43, 0xC6, 0x92, 0xE2, 0x80,
	0xB9, 0xE2, 0x80, 0x9D, 0x7A, 0xC2, 0x90, 0x4D, 0xC6, 0x92, 0xE2, 0x80, 0x9A, 0xC2, 0x81, 0x5B,
	0xC6, 0x92, 0x68, 0xC2, 0x90, 0xC3, 0x9D, 0xE2, 0x80, 0x99, 0xC3, 0xA8, 0x0A, 0x64, 0x74, 0x6D,
	0x6F, 0x64, 0x65, 0x2D, 0x69, 0x6F, 0x5F, 0x64, 0x69, 0x72, 0x3D, 0x45, 0x3A, 0x5C, 0x0A, 0x64,
	0x74, 0x6D, 0x6F, 0x64, 0x65, 0x2D, 0x69, 0x6F, 0x5F, 0x66, 0x69, 0x6C, 0x65, 0x3D, 0x57, 0x36,
	0x50, 0x31, 0x30, 0x4A, 0x50, 0x4E, 0x0A, 0x64, 0x74, 0x6D, 0x6F, 0x64, 0x65, 0x2D, 0x69, 0x6F,
	0x5F, 0x63, 0x6F, 0x6E, 0x76, 0x3D, 0x44, 0x45, 0x43, 0x45, 0x58, 0x50, 0x0A, 0x64, 0x74, 0x6D,
	0x6F, 0x64, 0x65, 0x2D, 0x69, 0x6F, 0x5F, 0x70, 0x61, 0x73, 0x73, 0x70, 0x68, 0x72, 0x61, 0x73,
	0x65, 0x3D, 0x51, 0x78, 0x38, 0x68, 0x4A, 0x31, 0x4B, 0x69, 0x6C, 0x77, 0x65, 0x41, 0x70, 0x35,
	0x58, 0x6D
};